id	availability	condition	description	image_link	link	title	price	mpn	gender	google_product_category	shipping	shipping_weight
163022	in stock	new	plain t-shirts, Round Neck Cutout Plain Long Sleeve T-shirt	http://pic.fashionmia.com/catalog/products/original/images/001A73C9EFAC/3041377_2.jpg_z.jpg	http://www.fashionmia.com/Products/round-neck-cutout-plain-long-sleeve-t-shirt-163022.html	Round Neck Cutout Plain Long Sleeve T-shirt	11.21 USD	001A73C9EFAC	female	Apparel & Accessories > Clothing > Shirts & Tops	US:*:Ground:3.43 USD	230g
165162	in stock	new	elastic waist plain casual street top 1 hooded autumn spring hoodies, Elastic Waist Zips Plain Hoodie	http://pic.fashionmia.com/catalog/products/original/images/004F902796F7/3045103_9.jpg_z.jpg	http://www.fashionmia.com/Products/elastic-waist-zips-plain-hoodie-165162.html	Elastic Waist Zips Plain Hoodie	13.95 USD	004F902796F7	female	Apparel & Accessories > Clothing > Shirts & Tops > Sweatshirts	US:*:Ground:4.33 USD	320g
165233	in stock	new	decorative lace slit party fitted off shoulder summer dress 1, Off Shoulder Decorative Lace Slit Bodycon Dress	http://pic.fashionmia.com/catalog/products/original/images/00617C0032A1/3045668_4.jpg_z.jpg	http://www.fashionmia.com/Products/off-shoulder-decorative-lace-slit-bodycon-dress-165233.html	Off Shoulder Decorative Lace Slit Bodycon Dress	20.95 USD	00617C0032A1	female	Apparel & Accessories > Clothing > Dresses > Cocktail Dresses	US:*:Ground:3.43 USD	230g
164954	in stock	new	asymmetric hem gradient casual top 1 v-neck autumn spring t-shirts, V-Neck Asymmetric Hem Gradient Long Sleeve T-Shirt	http://pic.fashionmia.com/catalog/products/original/images/006C0EBFF420/3045350_1.jpg_z.jpg	http://www.fashionmia.com/Products/v-neck-asymmetric-hem-gradient-long-sleeve-t-shirt-164954.html	V-Neck Asymmetric Hem Gradient Long Sleeve T-Shirt	13.95 USD	006C0EBFF420	female	Apparel & Accessories > Clothing > Shirts & Tops	US:*:Ground:2.98 USD	185g
163289	in stock	new	asymmetric neck plain party fitted, Off Shoulder Plain Bell Sleeve Side-slit Bodycon Dress	http://pic.fashionmia.com/catalog/products/original/images/00BBBB6DE7D7/3041666_2.jpg_z.jpg	http://www.fashionmia.com/Products/off-shoulder-plain-bell-sleeve-side-slit-bodycon-dress-163289.html	Off Shoulder Plain Bell Sleeve Side-slit Bodycon Dress	13.95 USD	00BBBB6DE7D7	female	Apparel & Accessories > Clothing > Dresses > Cocktail Dresses	US:*:Ground:3.73 USD	260g
162670	in stock	new	boat neck printed date vacation wedding flared, Boat Neck Belt Fruit Printed Skater Dress	http://pic.fashionmia.com/catalog/products/original/images/0111028A40B7/3041005_2.jpg_z.jpg	http://www.fashionmia.com/Products/boat-neck-belt-fruit-printed-skater-dress-162670.html	Boat Neck Belt Fruit Printed Skater Dress	19.06 USD	0111028A40B7	female	Apparel & Accessories > Clothing > Dresses	US:*:Ground:3.19 USD	207g
163951	in stock	new	hollow out plaid casual date vacation, Boat Neck Hollow Out Fringe Plaid Cape	http://pic.fashionmia.com/catalog/products/original/images/015AFB48E63D/3044026_4.jpg_z.jpg	http://www.fashionmia.com/Products/boat-neck-hollow-out-fringe-plaid-cape-163951.html	Boat Neck Hollow Out Fringe Plaid Cape	12.95 USD	015AFB48E63D	female	Apparel & Accessories > Clothing > Outerwear > Coats & Jackets > Capes & Ponchos	US:*:Ground:3.77 USD	265g
165244	in stock	new	drawstring plain casual exposed navel top 1 hooded autumn spring hoodies, Drawstring Exposed Navel Plain Hoodie	http://pic.fashionmia.com/catalog/products/original/images/0167C9901A61/3045648_4.jpg_z.jpg	http://www.fashionmia.com/Products/drawstring-exposed-navel-plain-hoodie-165244.html	Drawstring Exposed Navel Plain Hoodie	13.95 USD	0167C9901A61	female	Apparel & Accessories > Clothing > Shirts & Tops > Sweatshirts	US:*:Ground:4.12 USD	300g
165347	in stock	new	printed casual decorative button top 1 round neck autumn spring winter t-shirts, Round Neck Decorative Button Printed Long Sleeve T-Shirt	http://pic.fashionmia.com/catalog/products/original/images/018698EC8D03/3045547_5.jpg_z.jpg	http://www.fashionmia.com/Products/round-neck-decorative-button-printed-long-sleeve-t-shirt-165347.html	Round Neck Decorative Button Printed Long Sleeve T-Shirt	15.95 USD	018698EC8D03	female	Apparel & Accessories > Clothing > Shirts & Tops	US:*:Ground:3.53 USD	240g
162662	in stock	new	color block split office formal knee-length fitted sweet heart wrap dresses, sweet heart belt split color block bodycon dress	http://pic.fashionmia.com/catalog/products/original/images/019A1A56D989/3041012_1.jpg_z.jpg	http://www.fashionmia.com/Products/sweet-heart-belt-split-color-block-bodycon-dress-162662.html	sweet heart belt split color block bodycon dress	28.95 USD	019A1A56D989	female	Apparel & Accessories > Clothing > Dresses > Cocktail Dresses	US:*:Ground:5.53 USD	440g
164901	in stock	new	drawstring kangaroo pocket plain casual vacation top 1 hooded autumn spring winter hoodies, Drawstring Kangaroo Pocket Longline Plain Hoodie	http://pic.fashionmia.com/catalog/products/original/images/01BEF7FBBE39/3044950_2.jpg_z.jpg	http://www.fashionmia.com/Products/drawstring-kangaroo-pocket-longline-plain-hoodie-164901.html	Drawstring Kangaroo Pocket Longline Plain Hoodie	18.95 USD	01BEF7FBBE39	female	Apparel & Accessories > Clothing > Shirts & Tops > Sweatshirts	US:*:Ground:5.22 USD	410g
164894	in stock	new	patchwork hollow out plain plain lace date mermaid autumn spring summer bottom 1 midi skirts, Patchwork Hollow Out Lace Plain Mid-Rise Mermaid Midi Skirt	http://pic.fashionmia.com/catalog/products/original/images/01F06AA9DB02/3044789_10.jpg_z.jpg	http://www.fashionmia.com/Products/patchwork-hollow-out-lace-plain-mid-rise-mermaid-midi-skirt-164894.html	Patchwork Hollow Out Lace Plain Mid-Rise Mermaid Midi Skirt	14.95 USD	01F06AA9DB02	female	Apparel & Accessories > Clothing > Skirts	US:*:Ground:3.16 USD	203g
164801	in stock	new	patchwork lace date top 1 round neck autumn spring blouses, Round Neck Lace Patchwork Blouse	http://pic.fashionmia.com/catalog/products/original/images/01FED7B6F106/3044813_11.jpg_z.jpg	http://www.fashionmia.com/Products/round-neck-lace-patchwork-blouse-164801.html	Round Neck Lace Patchwork Blouse	9.95 USD	01FED7B6F106	female	Apparel & Accessories > Clothing > Shirts & Tops > Shirts & Blouses	US:*:Ground:3.51 USD	238g
164408	in stock	new	band collar ruffled hem plaid casual date belt autumn spring blouses, Band Collar Single Breasted Belt Ruffled Hem Plaid Blouse	http://pic.fashionmia.com/catalog/products/original/images/0211E5604BDA/3044429_3.jpg_z.jpg	http://www.fashionmia.com/Products/band-collar-single-breasted-belt-ruffled-hem-plaid-blouse-164408.html	Band Collar Single Breasted Belt Ruffled Hem Plaid Blouse	19.15 USD	0211E5604BDA	female	Apparel & Accessories > Clothing > Shirts & Tops > Shirts & Blouses	US:*:Ground:3.58 USD	245g
163085	in stock	new	band collar patchwork date party wedding fitted, Band Collar Decorative Lace Patchwork Bodycon Dress	http://pic.fashionmia.com/catalog/products/original/images/0216BB665DD9/3041175_1.jpg_z.jpg	http://www.fashionmia.com/Products/band-collar-decorative-lace-patchwork-bodycon-dress-163085.html	Band Collar Decorative Lace Patchwork Bodycon Dress	16.95 USD	0216BB665DD9	female	Apparel & Accessories > Clothing > Dresses > Cocktail Dresses	US:*:Ground:3.81 USD	268g
164924	in stock	new	printed casual top 1 high neck autumn spring winter t-shirts, High Neck Printed Long Sleeve T-Shirt	http://pic.fashionmia.com/catalog/products/original/images/021CC0EDF1AA/3044795_5.jpg_z.jpg	http://www.fashionmia.com/Products/high-neck-printed-long-sleeve-t-shirt-164924.html	High Neck Printed Long Sleeve T-Shirt	7.95 USD	021CC0EDF1AA	female	Apparel & Accessories > Clothing > Shirts & Tops	US:*:Ground:2.92 USD	180g
165219	in stock	new	drawstring patchwork lace plain date party empire line round neck summer dress 1, Round Neck Drawstring Lace Patchwork Plain Maxi Dress	http://pic.fashionmia.com/catalog/products/original/images/023C762AE0D4/3045572_3.jpg_z.jpg	http://www.fashionmia.com/Products/round-neck-drawstring-lace-patchwork-plain-maxi-dress-165219.html	Round Neck Drawstring Lace Patchwork Plain Maxi Dress	24.95 USD	023C762AE0D4	female	Apparel & Accessories > Clothing > Dresses	US:*:Ground:5.33 USD	420g
163410	in stock	new	zips patchwork blouses, Round Neck Decorative Zips Patchwork Blouse	http://pic.fashionmia.com/catalog/products/original/images/02FBAFBDEB4F/3041071_2.jpg_z.jpg	http://www.fashionmia.com/Products/round-neck-decorative-zips-patchwork-blouse-163410.html	Round Neck Decorative Zips Patchwork Blouse	15.31 USD	02FBAFBDEB4F	female	Apparel & Accessories > Clothing > Shirts & Tops > Shirts & Blouses	US:*:Ground:2.37 USD	124g
164466	in stock	new	single breasted plaid date office flared belt lapel autumn spring, Lapel Single Breasted Belt Plaid Skater Dress	http://pic.fashionmia.com/catalog/products/original/images/032BAB4AF66C/3044707_2.jpg_z.jpg	http://www.fashionmia.com/Products/lapel-single-breasted-belt-plaid-skater-dress-164466.html	Lapel Single Breasted Belt Plaid Skater Dress	20.95 USD	032BAB4AF66C	female	Apparel & Accessories > Clothing > Dresses	US:*:Ground:5.45 USD	432g
165264	in stock	new	slit pocket plain casual street top 1 turn down collar winter, Turn Down Collar Pocket Zips Plain Cape	http://pic.fashionmia.com/catalog/products/original/images/0350D085D0F4/3044994_5.jpg_z.jpg	http://www.fashionmia.com/Products/turn-down-collar-pocket-zips-plain-cape-165264.html	Turn Down Collar Pocket Zips Plain Cape	33.95 USD	0350D085D0F4	female	Apparel & Accessories > Clothing > Outerwear > Coats & Jackets > Capes & Ponchos	US:*:Ground:6.83 USD	570g
164184	in stock	new	round neck flounce polka dot office fitted removable tie autumn spring, Round Neck Removable Tie Flounce Polka Dot Bodycon Dress	http://pic.fashionmia.com/catalog/products/original/images/03572EB897A2/3044370_2.jpg_z.jpg	http://www.fashionmia.com/Products/round-neck-removable-tie-flounce-polka-dot-bodycon-dress-164184.html	Round Neck Removable Tie Flounce Polka Dot Bodycon Dress	11.95 USD	03572EB897A2	female	Apparel & Accessories > Clothing > Dresses > Cocktail Dresses	US:*:Ground:4.12 USD	300g
23627	in stock	new	lapel solid plain casual formal party work, Seductive Single Breasted  Lapel Solid Plain Blazers	http://pic.fashionmia.com/catalog/products/original/images/0368449E8C82/a88d9f1b17de52ace83c77742693cc25.jpg_z.jpg	http://www.fashionmia.com/Products/casual-lapel-long-sleeve-blended-23627.html	Seductive Single Breasted  Lapel Solid Plain Blazers	16.96 USD	0368449E8C82	female	Apparel & Accessories > Clothing > Outerwear > Coats & Jackets > Blazers	US:*:Ground:3.52 USD	239g
165180	in stock	new	casual top 1 crew neck autumn spring sweatshirts, Crew Neck Fur Ball Sweatshirt	http://pic.fashionmia.com/catalog/products/original/images/036F5B5B0116/3045616_1.jpg_z.jpg	http://www.fashionmia.com/Products/crew-neck-fur-ball-sweatshirt-165180.html	Crew Neck Fur Ball Sweatshirt	13.95 USD	036F5B5B0116	female	Apparel & Accessories > Clothing > Shirts & Tops > Sweatshirts	US:*:Ground:3.53 USD	240g
164281	in stock	new	crew neck plain office fitted keyhole autumn spring, Crew Neck Keyhole Plain Bodycon Dress	http://pic.fashionmia.com/catalog/products/original/images/03A2634A64E0/3044129_6.jpg_z.jpg	http://www.fashionmia.com/Products/crew-neck-keyhole-plain-bodycon-dress-164281.html	Crew Neck Keyhole Plain Bodycon Dress	17.23 USD	03A2634A64E0	female	Apparel & Accessories > Clothing > Dresses > Cocktail Dresses	US:*:Ground:3.79 USD	267g
163176	in stock	new	wrap dresses color block office formal knee-length fitted square neck, square neck split color block bodycon dress	http://pic.fashionmia.com/catalog/products/original/images/03D6129D94B9/103463_2.jpg_z.jpg	http://www.fashionmia.com/Products/square-neck-split-color-block-bodycon-dress-163176.html	square neck split color block bodycon dress	17.95 USD	03D6129D94B9	female	Apparel & Accessories > Clothing > Dresses > Cocktail Dresses	US:*:Ground:4.58 USD	345g
165079	in stock	new	patchwork lace plain date party mermaid crew neck autumn spring summer dress 1, Crew Neck Lace Patchwork Plain Skater Dress	http://pic.fashionmia.com/catalog/products/original/images/03DBD3201B7B/3044743_10.jpg_z.jpg	http://www.fashionmia.com/Products/crew-neck-lace-patchwork-plain-skater-dress-165079.html	Crew Neck Lace Patchwork Plain Skater Dress	19.95 USD	03DBD3201B7B	female	Apparel & Accessories > Clothing > Dresses	US:*:Ground:4.10 USD	297g
163310	in stock	new	high neck loose-fitting color block sweaters, High Neck Color Block batwing sleeve sweater	http://pic.fashionmia.com/catalog/products/original/images/03EF37A240C3/3041674_3.jpg_z.jpg	http://www.fashionmia.com/Products/high-neck-color-block-batwing-sleeve-sweater-163310.html	High Neck Color Block batwing sleeve sweater	16.95 USD	03EF37A240C3	female	Apparel & Accessories > Clothing > Shirts & Tops > Sweaters & Cardigans	US:*:Ground:4.72 USD	360g
164029	in stock	new	asymmetric neck leopard casual vacation two-piece tops autumn spring cardigans, Round Neck Leopard Printed T-shirt And Cardigan	http://pic.fashionmia.com/catalog/products/original/images/03FC0CCC87BD/3044052_2.jpg_z.jpg	http://www.fashionmia.com/Products/round-neck-leopard-printed-t-shirt-and-cardigan-164029.html	Round Neck Leopard Printed T-shirt And Cardigan	13.95 USD	03FC0CCC87BD	female	Apparel & Accessories > Clothing > Shirts & Tops > Sweaters & Cardigans	US:*:Ground:4.53 USD	340g
163990	in stock	new	long long plain jumpsuits, Strapless Slit Pockets Plain Slim-leg Jumpsuit	http://pic.fashionmia.com/catalog/products/original/images/04087DB495FB/3041436_9.jpg_z.jpg	http://www.fashionmia.com/Products/strapless-slit-pockets-plain-slim-leg-jumpsuit-163990.html	Strapless Slit Pockets Plain Slim-leg Jumpsuit	16.95 USD	04087DB495FB	female	Apparel & Accessories > Clothing > One-Pieces > Jumpsuits & Rompers	US:*:Ground:3.12 USD	200g
163909	in stock	new	asymmetric neck color block casual outdoor hoodies, Drawstring Color Block Raglan Sleeve Hoodie	http://pic.fashionmia.com/catalog/products/original/images/043F4B48FCB6/3042144_6.jpg_z.jpg	http://www.fashionmia.com/Products/drawstring-color-block-raglan-sleeve-hoodie-163909.html	Drawstring Color Block Raglan Sleeve Hoodie	19.28 USD	043F4B48FCB6	female	Apparel & Accessories > Clothing > Shirts & Tops > Sweatshirts	US:*:Ground:4.29 USD	316g
163634	in stock	new	round neck plain date vacation above knee shift, Round Neck Lace-up Plain Bell Sleeve Shift Dress	http://pic.fashionmia.com/catalog/products/original/images/04698249E991/3041912_1.jpg_z.jpg	http://www.fashionmia.com/Products/round-neck-lace-up-plain-bell-sleeve-shift-dress-163634.html	Round Neck Lace-up Plain Bell Sleeve Shift Dress	11.95 USD	04698249E991	female	Apparel & Accessories > Clothing > Dresses	US:*:Ground:3.23 USD	211g
164358	in stock	new	hollow out plain plain date flared autumn spring summer midi skirts, Hollow Out Plain Flared Midi Skirt	http://pic.fashionmia.com/catalog/products/original/images/046BA429C0A2/3044435_2.jpg_z.jpg	http://www.fashionmia.com/Products/hollow-out-plain-flared-midi-skirt-164358.html	Hollow Out Plain Flared Midi Skirt	16.95 USD	046BA429C0A2	female	Apparel & Accessories > Clothing > Skirts	US:*:Ground:3.83 USD	270g
162835	in stock	new	polo collar split striped going out street, Turndown Collar Striped Single Breasted Split Shift Dress	http://pic.fashionmia.com/catalog/products/original/images/048629DB8DC6/3031885_4.jpg_z.jpg	http://www.fashionmia.com/Products/turndown-collar-striped-single-breasted-split-shift-dress-162835.html	Turndown Collar Striped Single Breasted Split Shift Dress	14.95 USD	048629DB8DC6	female	Apparel & Accessories > Clothing > Dresses	US:*:Ground:2.88 USD	176g
163493	in stock	new	plain casual going out t-shirts, Open Shoulder Plain Flounce Long Sleeve T-shirt	http://pic.fashionmia.com/catalog/products/original/images/049AD3BE9499/3041618_4.jpg_z.jpg	http://www.fashionmia.com/Products/open-shoulder-plain-flounce-long-sleeve-t-shirt-163493.html	Open Shoulder Plain Flounce Long Sleeve T-shirt	10.46 USD	049AD3BE9499	female	Apparel & Accessories > Clothing > Shirts & Tops	US:*:Ground:2.62 USD	150g
164015	in stock	new	asymmetric neck asymmetric hem patchwork casual autumn spring cardigans, Collarless Asymmetric Hem Patchwork Cardigan	http://pic.fashionmia.com/catalog/products/original/images/04E59DA0C7DD/3044053_1.jpg_z.jpg	http://www.fashionmia.com/Products/collarless-asymmetric-hem-patchwork-cardigan-164015.html	Collarless Asymmetric Hem Patchwork Cardigan	10.95 USD	04E59DA0C7DD	female	Apparel & Accessories > Clothing > Shirts & Tops > Sweaters & Cardigans	US:*:Ground:3.43 USD	230g
164099	in stock	new	plain formal office flared belt asymmetric neck autumn spring winter, High Neck Belt Plain Skater Dress	http://pic.fashionmia.com/catalog/products/original/images/04F2F95A9837/3044302_5.jpg_z.jpg	http://www.fashionmia.com/Products/high-neck-belt-plain-skater-dress-164099.html	High Neck Belt Plain Skater Dress	13.95 USD	04F2F95A9837	female	Apparel & Accessories > Clothing > Dresses	US:*:Ground:4.62 USD	350g
164482	in stock	new	elastic waist plain date knee-length flared band collar autumn spring, Band Collar Elastic Waist Plain Skater Dress	http://pic.fashionmia.com/catalog/products/original/images/0520845626A7/3044516_9.jpg_z.jpg	http://www.fashionmia.com/Products/band-collar-elastic-waist-plain-skater-dress-164482.html	Band Collar Elastic Waist Plain Skater Dress	18.95 USD	0520845626A7	female	Apparel & Accessories > Clothing > Dresses	US:*:Ground:6.23 USD	510g
163544	in stock	new	plain t-shirts, Round Neck Plain Side-vented Long Sleeve T-shirt	http://pic.fashionmia.com/catalog/products/original/images/05209E45C502/3039619_3.jpg_z.jpg	http://www.fashionmia.com/Products/round-neck-plain-side-vented-long-sleeve-t-shirt-163544.html	Round Neck Plain Side-vented Long Sleeve T-shirt	8.96 USD	05209E45C502	female	Apparel & Accessories > Clothing > Shirts & Tops	US:*:Ground:3.03 USD	190g
162906	in stock	new	band collar plain, Band Collar Flap Pocket Plain Bomber Jacket	http://pic.fashionmia.com/catalog/products/original/images/05275E2E1524/3026942_2.jpg_z.jpg	http://www.fashionmia.com/Products/band-collar-flap-pocket-plain-bomber-jacket-162906.html	Band Collar Flap Pocket Plain Bomber Jacket	11.96 USD	05275E2E1524	female	Apparel & Accessories > Clothing > Outerwear > Coats & Jackets > Leather & Suede Jackets	US:*:Ground:3.03 USD	190g
162978	in stock	new	floral hollow out date vacation wedding flared, Asymmetric Neck Cutout Hollow Out Floral Maxi Dress	http://pic.fashionmia.com/catalog/products/original/images/052E5F2C3B7D/103558_3.jpg_z.jpg	http://www.fashionmia.com/Products/asymmetric-neck-cutout-hollow-out-floral-maxi-dress-162978.html	Asymmetric Neck Cutout Hollow Out Floral Maxi Dress	19.15 USD	052E5F2C3B7D	female	Apparel & Accessories > Clothing > Dresses	US:*:Ground:3.31 USD	218g
162705	in stock	new	hooded color block hoodies, Hooded Color Block Drawstring Hoodie	http://pic.fashionmia.com/catalog/products/original/images/054604295BE7/104488_2.jpg_z.jpg	http://www.fashionmia.com/Products/hooded-color-block-drawstring-hoodie-162705.html	Hooded Color Block Drawstring Hoodie	14.21 USD	054604295BE7	female	Apparel & Accessories > Clothing > Shirts & Tops > Sweatshirts	US:*:Ground:6.01 USD	489g
162863	in stock	new	lapel asymmetrical hems plain date street vacation cardigans, Lapel Asymmetric Hem Ribbed Plain Cardigan	http://pic.fashionmia.com/catalog/products/original/images/05672140B145/104310_2.jpg_z.jpg	http://www.fashionmia.com/Products/lapel-asymmetric-hem-ribbed-plain-cardigan-162863.html	Lapel Asymmetric Hem Ribbed Plain Cardigan	14.95 USD	05672140B145	female	Apparel & Accessories > Clothing > Shirts & Tops > Sweaters & Cardigans	US:*:Ground:5.92 USD	480g
164134	in stock	new	slit plain casual autumn spring turtleneck sweatshirts, Turtleneck Slit Plain Long Sleeve Sweatshirt	http://pic.fashionmia.com/catalog/products/original/images/056FE3B3A62E/3044325_2.jpg_z.jpg	http://www.fashionmia.com/Products/turtleneck-slit-plain-long-sleeve-sweatshirt-164134.html	Turtleneck Slit Plain Long Sleeve Sweatshirt	12.95 USD	056FE3B3A62E	female	Apparel & Accessories > Clothing > Shirts & Tops > Sweatshirts	US:*:Ground:4.41 USD	328g
163054	in stock	new	v neck plain date party fitted, Deep V-neck Pleated Plain Bodycon Dress	http://pic.fashionmia.com/catalog/products/original/images/059025E30A05/3041451_2.jpg_z.jpg	http://www.fashionmia.com/Products/deep-v-neck-pleated-plain-bodycon-dress-163054.html	Deep V-neck Pleated Plain Bodycon Dress	15.95 USD	059025E30A05	female	Apparel & Accessories > Clothing > Dresses > Cocktail Dresses	US:*:Ground:4.04 USD	291g
164174	in stock	new	round neck floral printed casual date flared summer, Round Neck Floral Printed Skater Dress	http://pic.fashionmia.com/catalog/products/original/images/05A4E6832174/3044113_1.jpg_z.jpg	http://www.fashionmia.com/Products/round-neck-floral-printed-skater-dress-164174.html	Round Neck Floral Printed Skater Dress	24.60 USD	05A4E6832174	female	Apparel & Accessories > Clothing > Dresses	US:*:Ground:3.68 USD	255g
164100	in stock	new	asymmetric neck casual street hoodies, Long Sleeve Asymmetrical Hem Hoodie	http://pic.fashionmia.com/catalog/products/original/images/05AEC7212FD9/3044283_7.jpg_z.jpg	http://www.fashionmia.com/Products/long-sleeve-asymmetrical-hem-hoodie-164100.html	Long Sleeve Asymmetrical Hem Hoodie	16.27 USD	05AEC7212FD9	female	Apparel & Accessories > Clothing > Shirts & Tops > Sweatshirts	US:*:Ground:7.00 USD	587g
165151	in stock	new	printed date nightout fitted round neck summer dress 1, Round Neck Zebra Printed Bodycon Dress	http://pic.fashionmia.com/catalog/products/original/images/05B326FF8A9B/3045273_1.jpg_z.jpg	http://www.fashionmia.com/Products/round-neck-zebra-printed-bodycon-dress-165151.html	Round Neck Zebra Printed Bodycon Dress	13.95 USD	05B326FF8A9B	female	Apparel & Accessories > Clothing > Dresses > Cocktail Dresses	US:*:Ground:2.62 USD	150g
164961	in stock	new	floral printed casual date flared surplice autumn spring dress 1 removable tie 1, Surplice Bowknot Floral Printed Maxi Dress	http://pic.fashionmia.com/catalog/products/original/images/05B904DDE6EB/3045200_1.jpg_z.jpg	http://www.fashionmia.com/Products/surplice-bowknot-floral-printed-maxi-dress-164961.html	Surplice Bowknot Floral Printed Maxi Dress	24.95 USD	05B904DDE6EB	female	Apparel & Accessories > Clothing > Dresses	US:*:Ground:5.12 USD	400g
162717	in stock	new	beading plain going out cardigans, Collarless Plain Beading Patch Pockets Cardigan	http://pic.fashionmia.com/catalog/products/original/images/05BA3579D68A/3041020_10.jpg_z.jpg	http://www.fashionmia.com/Products/collarless-plain-beading-patch-pockets-cardigan-162717.html	Collarless Plain Beading Patch Pockets Cardigan	15.95 USD	05BA3579D68A	female	Apparel & Accessories > Clothing > Shirts & Tops > Sweaters & Cardigans	US:*:Ground:4.42 USD	329g
162811	in stock	new	long broken holes jeans, Ripped Light Wash Pegged Mid-rise Jean	http://pic.fashionmia.com/catalog/products/original/images/05C55461C7BB/3039614_7.jpg_z.jpg	http://www.fashionmia.com/Products/ripped-light-wash-pegged-mid-rise-jean-162811.html	Ripped Light Wash Pegged Mid-rise Jean	11.95 USD	05C55461C7BB	female	Apparel & Accessories > Clothing > Pants > Jeans	US:*:Ground:4.98 USD	386g
162722	in stock	new	plain party street fitted, Open Shoulder Two Way Plain Bodycon Dress	http://pic.fashionmia.com/catalog/products/original/images/05C96D7A105D/3039631_2.jpg_z.jpg	http://www.fashionmia.com/Products/open-shoulder-two-way-plain-bodycon-dress-162722.html	Open Shoulder Two Way Plain Bodycon Dress	20.95 USD	05C96D7A105D	female	Apparel & Accessories > Clothing > Dresses > Cocktail Dresses	US:*:Ground:3.03 USD	190g
164205	in stock	new	slit pocket printed casual autumn spring winter round neck t-shirts, Round Neck Slit Pocket Printed Long Sleeve T-Shirt	http://pic.fashionmia.com/catalog/products/original/images/05E05A2E7118/3044298_9.jpg_z.jpg	http://www.fashionmia.com/Products/round-neck-slit-pocket-printed-long-sleeve-t-shirt-164205.html	Round Neck Slit Pocket Printed Long Sleeve T-Shirt	11.95 USD	05E05A2E7118	female	Apparel & Accessories > Clothing > Shirts & Tops	US:*:Ground:3.93 USD	280g
164767	in stock	new	floral printed date party flared boat neck summer dress 1, Boat Neck Floral Printed Skater Dress	http://pic.fashionmia.com/catalog/products/original/images/05E8AFB2BF5A/3045082_1.jpg_z.jpg	http://www.fashionmia.com/Products/boat-neck-floral-printed-skater-dress-164767.html	Boat Neck Floral Printed Skater Dress	26.95 USD	05E8AFB2BF5A	female	Apparel & Accessories > Clothing > Dresses	US:*:Ground:3.63 USD	250g
164238	in stock	new	hooded drawstring patch pocket plain casual street autumn spring, Hooded  Drawstring Patch Pocket Plain Trench Coats	http://pic.fashionmia.com/catalog/products/original/images/05F77EA8CAE1/3044321_8.jpg_z.jpg	http://www.fashionmia.com/Products/hooded-drawstring-patch-pocket-plain-trench-coats-164238.html	Hooded  Drawstring Patch Pocket Plain Trench Coats	12.95 USD	05F77EA8CAE1	female	Apparel & Accessories > Clothing > Outerwear > Coats & Jackets > Trench Coats	US:*:Ground:3.71 USD	258g
164999	in stock	new	side slit single breasted plain plain date nightout pencil autumn spring summer winter bottom 1 midi skirts, Side Slit Single Breasted Plain Pencil Midi Skirt	http://pic.fashionmia.com/catalog/products/original/images/05FF1EEDDD03/3044790_3.jpg_z.jpg	http://www.fashionmia.com/Products/side-slit-single-breasted-plain-pencil-midi-skirt-164999.html	Side Slit Single Breasted Plain Pencil Midi Skirt	16.95 USD	05FF1EEDDD03	female	Apparel & Accessories > Clothing > Skirts	US:*:Ground:4.41 USD	328g
163922	in stock	new	asymmetric neck single breasted plain office flared removable tie autumn spring, V-Neck Single Breasted Removable Tie Plain Skater Dress	http://pic.fashionmia.com/catalog/products/original/images/061F7E0FC6DD/3044005_3.jpg_z.jpg	http://www.fashionmia.com/Products/v-neck-single-breasted-removable-tie-plain-skater-dress-163922.html	V-Neck Single Breasted Removable Tie Plain Skater Dress	23.95 USD	061F7E0FC6DD	female	Apparel & Accessories > Clothing > Dresses	US:*:Ground:7.53 USD	640g
162913	in stock	new	leggings, Cartoon Skull Printed Legging	http://pic.fashionmia.com/catalog/products/original/images/062BA658BBAC/3041963_2.jpg_z.jpg	http://www.fashionmia.com/Products/cartoon-skull-printed-legging-162913.html	Cartoon Skull Printed Legging	7.95 USD	062BA658BBAC	female	Apparel & Accessories > Clothing > Pants > Leggings	US:*:Ground:2.63 USD	151g
165177	in stock	new	single breasted snap front plain casual fitted removable tie split neck autumn spring dress 1, Split Neck Snap Front Removable Tie Plain Bodycon Dress	http://pic.fashionmia.com/catalog/products/original/images/063027BE6BA9/3045596_1.jpg_z.jpg	http://www.fashionmia.com/Products/split-neck-snap-front-removable-tie-plain-bodycon-dress-165177.html	Split Neck Snap Front Removable Tie Plain Bodycon Dress	15.95 USD	063027BE6BA9	female	Apparel & Accessories > Clothing > Dresses > Cocktail Dresses	US:*:Ground:3.77 USD	265g
164338	in stock	new	hollow out plain date party fitted removable tie round neck autumn spring, Round Neck Hollow Out Plain Lace Bodycon Dress	http://pic.fashionmia.com/catalog/products/original/images/063E09FDB0BE/3044451_1.jpg_z.jpg	http://www.fashionmia.com/Products/round-neck-hollow-out-plain-lace-bodycon-dress-164338.html	Round Neck Hollow Out Plain Lace Bodycon Dress	26.95 USD	063E09FDB0BE	female	Apparel & Accessories > Clothing > Dresses > Cocktail Dresses	US:*:Ground:5.21 USD	409g
163593	in stock	new	doll collar beading plain date office above knee flared, Doll Collar Beading Plain Skater Dress	http://pic.fashionmia.com/catalog/products/original/images/0648D67ACA7F/3041910_1.jpg_z.jpg	http://www.fashionmia.com/Products/doll-collar-beading-plain-skater-dress-163593.html	Doll Collar Beading Plain Skater Dress	18.36 USD	0648D67ACA7F	female	Apparel & Accessories > Clothing > Dresses	US:*:Ground:4.06 USD	294g
165175	in stock	new	cutout plain casual exposed navel top 1 v-neck autumn spring winter t-shirts, V-Neck Cutout Exposed Navel Plain Long Sleeve T-Shirt	http://pic.fashionmia.com/catalog/products/original/images/067EE14F8477/3045602_1.jpg_z.jpg	http://www.fashionmia.com/Products/v-neck-cutout-exposed-navel-plain-long-sleeve-t-shirt-165175.html	V-Neck Cutout Exposed Navel Plain Long Sleeve T-Shirt	12.95 USD	067EE14F8477	female	Apparel & Accessories > Clothing > Shirts & Tops	US:*:Ground:2.77 USD	165g
163579	in stock	new	band collar plain, Band Collar Plain Removable Tie Trench Coat	http://pic.fashionmia.com/catalog/products/original/images/06947F064F0C/3039636_3.jpg_z.jpg	http://www.fashionmia.com/Products/band-collar-plain-removable-tie-trench-coat-163579.html	Band Collar Plain Removable Tie Trench Coat	12.71 USD	06947F064F0C	female	Apparel & Accessories > Clothing > Outerwear > Coats & Jackets > Trench Coats	US:*:Ground:2.92 USD	180g
164938	in stock	new	printed casual street top 1 round neck autumn spring t-shirts, Round Neck Butterfly Printed Batwing Long Sleeve T-Shirt	http://pic.fashionmia.com/catalog/products/original/images/0698ADD88CB3/3045040_2.jpg_z.jpg	http://www.fashionmia.com/Products/round-neck-butterfly-printed-batwing-long-sleeve-t-shirt-164938.html	Round Neck Butterfly Printed Batwing Long Sleeve T-Shirt	13.95 USD	0698ADD88CB3	female	Apparel & Accessories > Clothing > Shirts & Tops	US:*:Ground:3.33 USD	220g
163360	in stock	new	round neck floral printed party above knee shift, Halloween Round Neck Floral Skull Printed Shift Dress	http://pic.fashionmia.com/catalog/products/original/images/06B005562F80/3042042_2.jpg_z.jpg	http://www.fashionmia.com/Products/halloween-round-neck-floral-skull-printed-shift-dress-163360.html	Halloween Round Neck Floral Skull Printed Shift Dress	12.76 USD	06B005562F80	female	Apparel & Accessories > Clothing > Dresses	US:*:Ground:2.53 USD	140g
164448	in stock	new	slit floral printed date nightout fitted round neck summer, Round Neck Slit Floral Printed Bodycon Dress	http://pic.fashionmia.com/catalog/products/original/images/06B83DF89690/3044712_10.jpg_z.jpg	http://www.fashionmia.com/Products/round-neck-slit-floral-printed-bodycon-dress-164448.html	Round Neck Slit Floral Printed Bodycon Dress	25.87 USD	06B83DF89690	female	Apparel & Accessories > Clothing > Dresses > Cocktail Dresses	US:*:Ground:3.83 USD	271g
164571	in stock	new	plain formal office fitted decorative button band collar autumn spring, Band Collar Decorative Button Plain Bodycon Dress	http://pic.fashionmia.com/catalog/products/original/images/0707E98F4C22/3044678_2.jpg_z.jpg	http://www.fashionmia.com/Products/band-collar-decorative-button-plain-bodycon-dress-164571.html	Band Collar Decorative Button Plain Bodycon Dress	26.95 USD	0707E98F4C22	female	Apparel & Accessories > Clothing > Dresses > Cocktail Dresses	US:*:Ground:5.67 USD	455g
164957	in stock	new	plain pleated bodice date flared sweet heart summer dress 1, Sweet Heart Plain Pleated Bodice Skater Dress	http://pic.fashionmia.com/catalog/products/original/images/071CE58C4FCF/3045196_2.jpg_z.jpg	http://www.fashionmia.com/Products/sweet-heart-plain-pleated-bodice-skater-dress-164957.html	Sweet Heart Plain Pleated Bodice Skater Dress	29.95 USD	071CE58C4FCF	female	Apparel & Accessories > Clothing > Dresses	US:*:Ground:4.12 USD	300g
163950	in stock	new	color block casual going out cardigans, Lapel Contrast Trim Ribbed Cardigan	http://pic.fashionmia.com/catalog/products/original/images/078D339CC42B/3042056_2.jpg_z.jpg	http://www.fashionmia.com/Products/lapel-contrast-trim-ribbed-cardigan-163950.html	Lapel Contrast Trim Ribbed Cardigan	10.95 USD	078D339CC42B	female	Apparel & Accessories > Clothing > Shirts & Tops > Sweaters & Cardigans	US:*:Ground:2.94 USD	181g
163688	in stock	new	geometric plain sweaters, High Neck Geometric Pattern Plain Sweater	http://pic.fashionmia.com/catalog/products/original/images/0795C95A28EB/3041962_5.jpg_z.jpg	http://www.fashionmia.com/Products/high-neck-geometric-pattern-plain-sweater-163688.html	High Neck Geometric Pattern Plain Sweater	13.95 USD	0795C95A28EB	female	Apparel & Accessories > Clothing > Shirts & Tops > Sweaters & Cardigans	US:*:Ground:4.58 USD	346g
164430	in stock	new	striped casual turtleneck autumn spring winter t-shirts, Turtleneck Striped Long Sleeve T-Shirt	http://pic.fashionmia.com/catalog/products/original/images/07B903E987A5/3044525_3.jpg_z.jpg	http://www.fashionmia.com/Products/turtleneck-striped-long-sleeve-t-shirt-164430.html	Turtleneck Striped Long Sleeve T-Shirt	12.95 USD	07B903E987A5	female	Apparel & Accessories > Clothing > Shirts & Tops	US:*:Ground:3.09 USD	197g
163069	in stock	new	printed midi skirts, Split Leaf Printed Pencil Mid-rise Midi Skirt	http://pic.fashionmia.com/catalog/products/original/images/07BA461B20A4/3041053_5.jpg_z.jpg	http://www.fashionmia.com/Products/split-leaf-printed-pencil-mid-rise-midi-skirt-163069.html	Split Leaf Printed Pencil Mid-rise Midi Skirt	17.95 USD	07BA461B20A4	female	Apparel & Accessories > Clothing > Skirts	US:*:Ground:3.33 USD	220g
164784	in stock	new	floral printed date flared sweet heart summer dress 1, Sweet Heart Bird Floral Printed Skater Dress	http://pic.fashionmia.com/catalog/products/original/images/07E364E49F6B/3045081_4.jpg_z.jpg	http://www.fashionmia.com/Products/sweet-heart-bird-floral-printed-skater-dress-164784.html	Sweet Heart Bird Floral Printed Skater Dress	22.95 USD	07E364E49F6B	female	Apparel & Accessories > Clothing > Dresses	US:*:Ground:4.17 USD	304g
165199	in stock	new	lace-up hollow out plain date nightout fitted deep v-neck autumn spring dress 1, Deep V-Neck Lace-Up Hollow Out Plain Maxi Dress	http://pic.fashionmia.com/catalog/products/original/images/07FDC198A33C/3045544_3.jpg_z.jpg	http://www.fashionmia.com/Products/deep-v-neck-lace-up-hollow-out-plain-maxi-dress-165199.html	Deep V-Neck Lace-Up Hollow Out Plain Maxi Dress	15.95 USD	07FDC198A33C	female	Apparel & Accessories > Clothing > Dresses	US:*:Ground:4.62 USD	350g
163882	in stock	new	asymmetric neck slit pocket plain office autumn spring, Notch Lapel Slit Pocket Plain Sleeveless Blazer	http://pic.fashionmia.com/catalog/products/original/images/0813DD99808D/3042534_15.jpg_z.jpg	http://www.fashionmia.com/Products/notch-lapel-slit-pocket-plain-sleeveless-blazer-163882.html	Notch Lapel Slit Pocket Plain Sleeveless Blazer	5.95 USD	0813DD99808D	female	Apparel & Accessories > Clothing > Outerwear > Coats & Jackets > Blazers	US:*:Ground:4.03 USD	290g
163194	in stock	new	patchwork color block party date street round  neck flared above knee, Round Neck Color Block Patchwork Knitted Dress	http://pic.fashionmia.com/catalog/products/original/images/08347A892B77/3028083_3.jpg_z.jpg	http://www.fashionmia.com/Products/round-neck-color-block-patchwork-knitted-dress-163194.html	Round Neck Color Block Patchwork Knitted Dress	26.95 USD	08347A892B77	female	Apparel & Accessories > Clothing > Dresses > Day Dresses	US:*:Ground:5.92 USD	480g
165274	in stock	new	plain autumn spring summer winter slim-leg casual office bottom 1 casual pants, Zips Plain Slim-Leg Mid-Rise Casual Pant	http://pic.fashionmia.com/catalog/products/original/images/08706C381E88/3045262_5.jpg_z.jpg	http://www.fashionmia.com/Products/zips-plain-slim-leg-mid-rise-casual-pant-165274.html	Zips Plain Slim-Leg Mid-Rise Casual Pant	19.95 USD	08706C381E88	female	Apparel & Accessories > Clothing > Pants	US:*:Ground:3.23 USD	210g
162719	in stock	new	t-shirts, Off Shoulder Two-way Printed Long Sleeve T-shirt	http://pic.fashionmia.com/catalog/products/original/images/08773DDBB1A2/3027220_2.jpg_z.jpg	http://www.fashionmia.com/Products/off-shoulder-two-way-printed-long-sleeve-t-shirt-162719.html	Off Shoulder Two-way Printed Long Sleeve T-shirt	27.26 USD	08773DDBB1A2	female	Apparel & Accessories > Clothing > Shirts & Tops	US:*:Ground:3.53 USD	240g
162761	in stock	new	asymmetrical hems mermaid patchwork party wedding asymmetrical mermaid prom dresses, Round Neck Patchwork Mermaid Prom Dress	http://pic.fashionmia.com/catalog/products/original/images/08969AEF8BB3/3000006_14.jpg_z.jpg	http://www.fashionmia.com/Products/round-neck-patchwork-mermaid-prom-dress-162761.html	Round Neck Patchwork Mermaid Prom Dress	15.31 USD	08969AEF8BB3	female	Apparel & Accessories > Clothing > Dresses	US:*:Ground:4.41 USD	328g
165004	in stock	new	color block star casual top 1 collarless autumn spring winter cardigans, Collarless Color Block Star Cardigan	http://pic.fashionmia.com/catalog/products/original/images/08BB6A487584/3045384_2.jpg_z.jpg	http://www.fashionmia.com/Products/collarless-color-block-star-cardigan-165004.html	Collarless Color Block Star Cardigan	24.95 USD	08BB6A487584	female	Apparel & Accessories > Clothing > Shirts & Tops > Sweaters & Cardigans	US:*:Ground:4.83 USD	370g
163193	in stock	new	plain v neck casual going out street empire line above knee, V Neck Plain Sleeve Split Shift Dress	http://pic.fashionmia.com/catalog/products/original/images/08C3B15F9F2D/3026995_3.jpg_z.jpg	http://www.fashionmia.com/Products/v-neck-plain-sleeve-split-shift-dress-163193.html	V Neck Plain Sleeve Split Shift Dress	12.76 USD	08C3B15F9F2D	female	Apparel & Accessories > Clothing > Dresses	US:*:Ground:3.73 USD	260g
163696	in stock	new	round neck bowknot floral paisley date wedding ankle-length flared, Round Neck Bowknot Paisley Floral Printed Maxi Dress	http://pic.fashionmia.com/catalog/products/original/images/08CAC95BDA99/3042327_2.jpg_z.jpg	http://www.fashionmia.com/Products/round-neck-bowknot-paisley-floral-printed-maxi-dress-163696.html	Round Neck Bowknot Paisley Floral Printed Maxi Dress	15.95 USD	08CAC95BDA99	female	Apparel & Accessories > Clothing > Dresses	US:*:Ground:4.54 USD	342g
163214	in stock	new	hooded pockets plain hoodies, Drawstring Kangaroo Pocket Plain Hoodie	http://pic.fashionmia.com/catalog/products/original/images/091B5A01FE15/3039587_1.jpg_z.jpg	http://www.fashionmia.com/Products/drawstring-kangaroo-pocket-plain-hoodie-163214.html	Drawstring Kangaroo Pocket Plain Hoodie	13.95 USD	091B5A01FE15	female	Apparel & Accessories > Clothing > Shirts & Tops > Sweatshirts	US:*:Ground:4.43 USD	330g
163082	in stock	new	plain date going out party midi fitted, Round Neck Plain Maxi Dress	http://pic.fashionmia.com/catalog/products/original/images/093DED5E938D/3041362_5.jpg_z.jpg	http://www.fashionmia.com/Products/round-neck-plain-maxi-dress-163082.html	Round Neck Plain Maxi Dress	15.95 USD	093DED5E938D	female	Apparel & Accessories > Clothing > Dresses	US:*:Ground:3.55 USD	242g
163595	in stock	new	long long lace plain leggings, Plain Decorative Lace Slim-leg Mid-rise Legging	http://pic.fashionmia.com/catalog/products/original/images/095AED0875AB/3041172_2.jpg_z.jpg	http://www.fashionmia.com/Products/plain-decorative-lace-slim-leg-mid-rise-legging-163595.html	Plain Decorative Lace Slim-leg Mid-rise Legging	12.07 USD	095AED0875AB	female	Apparel & Accessories > Clothing > Pants > Leggings	US:*:Ground:3.69 USD	256g
163545	in stock	new	hooded flap pockets plain, Hooded Drawstring Plain Loose Fitting Trench Coat	http://pic.fashionmia.com/catalog/products/original/images/098261A3A82A/3041091_2.jpg_z.jpg	http://www.fashionmia.com/Products/hooded-drawstring-plain-loose-fitting-trench-coat-163545.html	Hooded Drawstring Plain Loose Fitting Trench Coat	19.96 USD	098261A3A82A	female	Apparel & Accessories > Clothing > Outerwear > Coats & Jackets > Trench Coats	US:*:Ground:5.33 USD	420g
164287	in stock	new	round neck printed date party fitted autumn spring, Round Neck Bell Sleeve Printed Shift Dress	http://pic.fashionmia.com/catalog/products/original/images/0985924BC64A/3044277_3.jpg_z.jpg	http://www.fashionmia.com/Products/round-neck-bell-sleeve-printed-shift-dress-164287.html	Round Neck Bell Sleeve Printed Shift Dress	19.95 USD	0985924BC64A	female	Apparel & Accessories > Clothing > Dresses	US:*:Ground:3.77 USD	264g
163920	in stock	new	slit pocket plain office single button notch lapel autumn spring, Notch Lapel Slit Pocket Single Button Plain Blazer	http://pic.fashionmia.com/catalog/products/original/images/09D05669BBA2/3044132_13.jpg_z.jpg	http://www.fashionmia.com/Products/notch-lapel-slit-pocket-single-button-plain-blazer-163920.html	Notch Lapel Slit Pocket Single Button Plain Blazer	19.95 USD	09D05669BBA2	female	Apparel & Accessories > Clothing > Outerwear > Coats & Jackets > Blazers	US:*:Ground:4.62 USD	350g
164854	in stock	new	kangaroo pocket geometric printed casual street top 1 hooded autumn spring hoodies, Kangaroo Pocket Geometric Printed Hoodie	http://pic.fashionmia.com/catalog/products/original/images/09F0CB994FC8/3044988_1.jpg_z.jpg	http://www.fashionmia.com/Products/kangaroo-pocket-geometric-printed-hoodie-164854.html	Kangaroo Pocket Geometric Printed Hoodie	15.95 USD	09F0CB994FC8	female	Apparel & Accessories > Clothing > Shirts & Tops > Sweatshirts	US:*:Ground:3.39 USD	226g
163794	in stock	new	boat neck embossed design embossed design mermaid floral plain party midi mermaid, Boat Neck Plain Floral Embossed Mermaid Bodycon Dress	http://pic.fashionmia.com/catalog/products/original/images/0A2FE7889400/3041782_3.jpg_z.jpg	http://www.fashionmia.com/Products/boat-neck-plain-floral-embossed-mermaid-bodycon-dress-163794.html	Boat Neck Plain Floral Embossed Mermaid Bodycon Dress	22.70 USD	0A2FE7889400	female	Apparel & Accessories > Clothing > Dresses > Cocktail Dresses	US:*:Ground:4.64 USD	352g
164384	in stock	new	cutout plain date party fitted bust darts deep v-neck autumn spring, Deep V-Neck Bust Darts Cutout Plain Bodycon Dress	http://pic.fashionmia.com/catalog/products/original/images/0A47E950DAD1/3044268_7.jpg_z.jpg	http://www.fashionmia.com/Products/deep-v-neck-bust-darts-cutout-plain-bodycon-dress-164384.html	Deep V-Neck Bust Darts Cutout Plain Bodycon Dress	23.65 USD	0A47E950DAD1	female	Apparel & Accessories > Clothing > Dresses > Cocktail Dresses	US:*:Ground:5.75 USD	463g
165056	in stock	new	plaid date flared round neck summer dress 1, Round Neck Plaid Skater Dress	http://pic.fashionmia.com/catalog/products/original/images/0A5319BA23FA/3045119_1.jpg_z.jpg	http://www.fashionmia.com/Products/round-neck-plaid-skater-dress-165056.html	Round Neck Plaid Skater Dress	23.95 USD	0A5319BA23FA	female	Apparel & Accessories > Clothing > Dresses	US:*:Ground:4.03 USD	290g
164170	in stock	new	asymmetric neck plain date summer, One Shoulder Zips Plain Bodycon Dress	http://pic.fashionmia.com/catalog/products/original/images/0A783AFBD221/3044180_5.jpg_z.jpg	http://www.fashionmia.com/Products/one-shoulder-zips-plain-bodycon-dress-164170.html	One Shoulder Zips Plain Bodycon Dress	20.95 USD	0A783AFBD221	female	Apparel & Accessories > Clothing > Dresses > Cocktail Dresses	US:*:Ground:2.92 USD	180g
163547	in stock	new	long long color block casual pants, Drawstring Decorative Buttons Slim-leg Mid-rise Casual Pant	http://pic.fashionmia.com/catalog/products/original/images/0A9EBB07AF30/3027134_4.jpg_z.jpg	http://www.fashionmia.com/Products/drawstring-decorative-buttons-slim-leg-mid-rise-casual-pant-163547.html	Drawstring Decorative Buttons Slim-leg Mid-rise Casual Pant	14.96 USD	0A9EBB07AF30	female	Apparel & Accessories > Clothing > Pants	US:*:Ground:6.12 USD	500g
163233	in stock	new	zips plain going out sweaters, V Neck Plain Zips Loose Fitting Sweater With Chocker	http://pic.fashionmia.com/catalog/products/original/images/0ACD0C24FE3D/3027278_5.jpg_z.jpg	http://www.fashionmia.com/Products/v-neck-plain-zips-loose-fitting-sweater-with-chocker-163233.html	V Neck Plain Zips Loose Fitting Sweater With Chocker	19.97 USD	0ACD0C24FE3D	female	Apparel & Accessories > Clothing > Shirts & Tops > Sweaters & Cardigans	US:*:Ground:4.91 USD	378g
165359	in stock	new	patch pocket autumn spring summer slim-leg casual street vacation ripped bottom 1 jeans, Pocket Ripped Broken Hole Slim-Leg Jean	http://pic.fashionmia.com/catalog/products/original/images/0AD154799781/3045775_1.jpg_z.jpg	http://www.fashionmia.com/Products/pocket-ripped-broken-hole-slim-leg-jean-165359.html	Pocket Ripped Broken Hole Slim-Leg Jean	21.95 USD	0AD154799781	female	Apparel & Accessories > Clothing > Pants > Jeans	US:*:Ground:5.12 USD	400g
164441	in stock	new	floral printed date flared belt v-neck autumn spring, V-Neck Belt Floral Printed Skater Dress	http://pic.fashionmia.com/catalog/products/original/images/0AD33E7DBAE6/3044449_2.jpg_z.jpg	http://www.fashionmia.com/Products/v-neck-belt-floral-printed-skater-dress-164441.html	V-Neck Belt Floral Printed Skater Dress	22.95 USD	0AD33E7DBAE6	female	Apparel & Accessories > Clothing > Dresses	US:*:Ground:4.72 USD	360g
163657	in stock	new	floral printed casual going out plus size blouses&t-shirts, Square Neck Floral Printed Diamante Fake Two-piece Plus Size Blouse	http://pic.fashionmia.com/catalog/products/original/images/0B0B19F5FBC0/3041916_9.jpg_z.jpg	http://www.fashionmia.com/Products/square-neck-floral-printed-diamante-fake-two-piece-plus-size-blouse-163657.html	Square Neck Floral Printed Diamante Fake Two-piece Plus Size Blouse	16.86 USD	0B0B19F5FBC0	female	Apparel & Accessories > Clothing > Shirts & Tops	US:*:Ground:3.21 USD	208g
164792	in stock	new	patch pocket plain autumn spring slim-leg office bottom 1 casual pants, Patch Pocket Plain Slim-Leg Mid-Rise Casual Pant	http://pic.fashionmia.com/catalog/products/original/images/0B2C65F1DA73/3027192_7.jpg_z.jpg	http://www.fashionmia.com/Products/patch-pocket-plain-slim-leg-mid-rise-casual-pant-164792.html	Patch Pocket Plain Slim-Leg Mid-Rise Casual Pant	19.95 USD	0B2C65F1DA73	female	Apparel & Accessories > Clothing > Pants	US:*:Ground:5.92 USD	480g
164769	in stock	new	cutout floral printed date flared round neck summer dress 1, Round Neck Bowknot Cutout Floral Printed Skater Dress	http://pic.fashionmia.com/catalog/products/original/images/0B54245B8E51/3045091_3.jpg_z.jpg	http://www.fashionmia.com/Products/round-neck-bowknot-cutout-floral-printed-skater-dress-164769.html	Round Neck Bowknot Cutout Floral Printed Skater Dress	25.95 USD	0B54245B8E51	female	Apparel & Accessories > Clothing > Dresses	US:*:Ground:3.63 USD	250g
165432	in stock	new	drawstring slit pocket casual rib knit cuffs top 1 hooded autumn spring hoodies, Drawstring Slit Pocket Rib Knit Cuffs Hoodie	http://pic.fashionmia.com/catalog/products/original/images/0B7D6DE21900/3045506_6.jpg_z.jpg	http://www.fashionmia.com/Products/drawstring-slit-pocket-rib-knit-cuffs-hoodie-165432.html	Drawstring Slit Pocket Rib Knit Cuffs Hoodie	18.95 USD	0B7D6DE21900	female	Apparel & Accessories > Clothing > Shirts & Tops > Sweatshirts	US:*:Ground:5.03 USD	390g
163483	in stock	new	round neck printed party above knee shift, Halloween Round Neck Skull Printed Shift Dress	http://pic.fashionmia.com/catalog/products/original/images/0BD550E5FEBE/3042023_3.jpg_z.jpg	http://www.fashionmia.com/Products/halloween-round-neck-skull-printed-shift-dress-163483.html	Halloween Round Neck Skull Printed Shift Dress	11.96 USD	0BD550E5FEBE	female	Apparel & Accessories > Clothing > Dresses	US:*:Ground:2.77 USD	164g
164950	in stock	new	hollow out plain date top 1 asymmetric neck autumn spring t-shirts, Asymmetric Neck Hollow Out Plain Lace Long Sleeve T-Shirt	http://pic.fashionmia.com/catalog/products/original/images/0BF1875DD5B0/3044787_3.jpg_z.jpg	http://www.fashionmia.com/Products/asymmetric-neck-hollow-out-plain-lace-long-sleeve-t-shirt-164950.html	Asymmetric Neck Hollow Out Plain Lace Long Sleeve T-Shirt	14.95 USD	0BF1875DD5B0	female	Apparel & Accessories > Clothing > Shirts & Tops	US:*:Ground:2.95 USD	182g
164397	in stock	new	doll collar slit pocket printed letters date autumn spring, Doll Collar Feather Printed Slit Pocket Shift Dress	http://pic.fashionmia.com/catalog/products/original/images/0C32AD22EF17/3044422_2.jpg_z.jpg	http://www.fashionmia.com/Products/doll-collar-feather-printed-slit-pocket-shift-dress-164397.html	Doll Collar Feather Printed Slit Pocket Shift Dress	17.95 USD	0C32AD22EF17	female	Apparel & Accessories > Clothing > Dresses	US:*:Ground:5.84 USD	472g
164936	in stock	new	plaid date office flared belt turn down collar autumn spring belt 1 dress 1, Turn Down Collar Belt Plaid Skater Dress	http://pic.fashionmia.com/catalog/products/original/images/0C46F5556120/3045035_2.jpg_z.jpg	http://www.fashionmia.com/Products/turn-down-collar-belt-plaid-skater-dress-164936.html	Turn Down Collar Belt Plaid Skater Dress	25.55 USD	0C46F5556120	female	Apparel & Accessories > Clothing > Dresses	US:*:Ground:4.62 USD	350g
164846	in stock	new	color block office fitted turn down collar winter dress 1, Turn Down Collar Fake Two-Piece Color Block Bodycon Dress	http://pic.fashionmia.com/catalog/products/original/images/0C4E20C5BFFF/3044954_2.jpg_z.jpg	http://www.fashionmia.com/Products/turn-down-collar-fake-two-piece-color-block-bodycon-dress-164846.html	Turn Down Collar Fake Two-Piece Color Block Bodycon Dress	23.65 USD	0C4E20C5BFFF	female	Apparel & Accessories > Clothing > Dresses > Cocktail Dresses	US:*:Ground:5.83 USD	470g
28888	in stock	new	band collar double-breasted casual, Alluring Band Collar Breasted Jacket	http://pic.fashionmia.com/catalog/products/original/images/0C4F9D0615A1/2864_2.jpg_z.jpg	http://www.fashionmia.com/Products/high-quality-breasted-jacket-28888.html	Alluring Band Collar Breasted Jacket	17.23 USD	0C4F9D0615A1	female	Apparel & Accessories > Clothing > Outerwear > Coats & Jackets > Leather & Suede Jackets	US:*:Ground:3.73 USD	261g
163846	in stock	new	asymmetrical hems plain casual street cardigans, Cowl Neck Plain Roll-up Sleeve Cardigan	http://pic.fashionmia.com/catalog/products/original/images/0C75EF3E2E93/3042513_4.jpg_z.jpg	http://www.fashionmia.com/Products/cowl-neck-plain-roll-up-sleeve-cardigan-163846.html	Cowl Neck Plain Roll-up Sleeve Cardigan	16.95 USD	0C75EF3E2E93	female	Apparel & Accessories > Clothing > Shirts & Tops > Sweaters & Cardigans	US:*:Ground:4.62 USD	350g
162819	in stock	new	long jeans, Contrast Stitching Slim-leg Mid-rise Jean	http://pic.fashionmia.com/catalog/products/original/images/0C86AF7774F1/3026969_2.jpg_z.jpg	http://www.fashionmia.com/Products/contrast-stitching-slim-leg-mid-rise-jean-162819.html	Contrast Stitching Slim-leg Mid-rise Jean	19.95 USD	0C86AF7774F1	female	Apparel & Accessories > Clothing > Pants > Jeans	US:*:Ground:4.08 USD	296g
162962	in stock	new	v neck plain date office vacation sweaters, V Neck Loose Fitting Plain Sweater	http://pic.fashionmia.com/catalog/products/original/images/0C9ECABB3D9C/104418_2.jpg_z.jpg	http://www.fashionmia.com/Products/v-neck-loose-fitting-plain-sweater-162962.html	V Neck Loose Fitting Plain Sweater	14.95 USD	0C9ECABB3D9C	female	Apparel & Accessories > Clothing > Shirts & Tops > Sweaters & Cardigans	US:*:Ground:4.22 USD	310g
163190	in stock	new	wedding midi flared swing dresses v neck, v neck bowknot split plain maxi dress	http://pic.fashionmia.com/catalog/products/original/images/0CCD1CD6F239/104486_1.jpg_z.jpg	http://www.fashionmia.com/Products/v-neck-bowknot-split-plain-maxi-dress-163190.html	v neck bowknot split plain maxi dress	35.95 USD	0CCD1CD6F239	female	Apparel & Accessories > Clothing > Dresses	US:*:Ground:8.12 USD	700g
163644	in stock	new	sweetheart stripes date going out knee-length flared, Sweetheart Vertical Striped Skater Dress	http://pic.fashionmia.com/catalog/products/original/images/0CEC4D0FCD13/3042078_2.jpg_z.jpg	http://www.fashionmia.com/Products/sweetheart-vertical-striped-skater-dress-163644.html	Sweetheart Vertical Striped Skater Dress	21.56 USD	0CEC4D0FCD13	female	Apparel & Accessories > Clothing > Dresses	US:*:Ground:5.20 USD	407g
163887	in stock	new	v neck striped basic date street vacation above knee shift, V Neck Drawstring Striped Shift Dress	http://pic.fashionmia.com/catalog/products/original/images/0D0E603D4D49/3027009_4.jpg_z.jpg	http://www.fashionmia.com/Products/v-neck-drawstring-striped-shift-dress-163887.html	V Neck Drawstring Striped Shift Dress	15.95 USD	0D0E603D4D49	female	Apparel & Accessories > Clothing > Dresses	US:*:Ground:4.22 USD	310g
164859	in stock	new	color block letters casual vacation top 1 round neck winter sweaters, Round Neck Color Block Letters Sweater	http://pic.fashionmia.com/catalog/products/original/images/0D33190645C5/3045076_2.jpg_z.jpg	http://www.fashionmia.com/Products/round-neck-color-block-letters-sweater-164859.html	Round Neck Color Block Letters Sweater	19.95 USD	0D33190645C5	female	Apparel & Accessories > Clothing > Shirts & Tops > Sweaters & Cardigans	US:*:Ground:6.00 USD	488g
164021	in stock	new	elastic waist printed autumn spring slim-leg sport leggings, Elastic Waist Printed High-Rise Legging	http://pic.fashionmia.com/catalog/products/original/images/0D3630644103/3044131_11.jpg_z.jpg	http://www.fashionmia.com/Products/elastic-waist-printed-high-rise-legging-164021.html	Elastic Waist Printed High-Rise Legging	14.95 USD	0D3630644103	female	Apparel & Accessories > Clothing > Pants > Leggings	US:*:Ground:3.29 USD	217g
164998	in stock	new	plain plain date nightout pencil autumn spring winter bottom 1 midi skirts, Plain Pencil High-Rise Midi Skirt	http://pic.fashionmia.com/catalog/products/original/images/0D60F5ADCBE3/3044796_2.jpg_z.jpg	http://www.fashionmia.com/Products/plain-pencil-high-rise-midi-skirt-164998.html	Plain Pencil High-Rise Midi Skirt	13.95 USD	0D60F5ADCBE3	female	Apparel & Accessories > Clothing > Skirts	US:*:Ground:2.73 USD	161g
163896	in stock	new	plain casual vacation hoodies, Cowl Neck High-low Plain Hoodie	http://pic.fashionmia.com/catalog/products/original/images/0D722B7D1E91/3044031_4.jpg_z.jpg	http://www.fashionmia.com/Products/cowl-neck-high-low-plain-hoodie-163896.html	Cowl Neck High-low Plain Hoodie	18.95 USD	0D722B7D1E91	female	Apparel & Accessories > Clothing > Shirts & Tops > Sweatshirts	US:*:Ground:3.50 USD	237g
164491	in stock	new	fringe plain date office crew neck autumn spring winter sweaters, Crew Neck Fringe Plain Sweater	http://pic.fashionmia.com/catalog/products/original/images/0D728F17A86A/3044670_4.jpg_z.jpg	http://www.fashionmia.com/Products/crew-neck-fringe-plain-sweater-164491.html	Crew Neck Fringe Plain Sweater	15.31 USD	0D728F17A86A	female	Apparel & Accessories > Clothing > Shirts & Tops > Sweaters & Cardigans	US:*:Ground:4.12 USD	300g
162753	in stock	new	going out street knee-length lapel shift printed, Notch Lapel Single Breasted Printed Shift Dress	http://pic.fashionmia.com/catalog/products/original/images/0D8C37148F0C/3039605_1.jpg_z.jpg	http://www.fashionmia.com/Products/notch-lapel-single-breasted-printed-shift-dress-162753.html	Notch Lapel Single Breasted Printed Shift Dress	19.95 USD	0D8C37148F0C	female	Apparel & Accessories > Clothing > Dresses	US:*:Ground:3.39 USD	226g
163756	in stock	new	lapel double-breasted color block office knee-length fitted, Notch Lapel Decorative Buttons Color Block Bodycon Dress	http://pic.fashionmia.com/catalog/products/original/images/0D9142B9EBAE/3042221_3.jpg_z.jpg	http://www.fashionmia.com/Products/notch-lapel-decorative-buttons-color-block-bodycon-dress-163756.html	Notch Lapel Decorative Buttons Color Block Bodycon Dress	23.61 USD	0D9142B9EBAE	female	Apparel & Accessories > Clothing > Dresses > Cocktail Dresses	US:*:Ground:6.38 USD	525g
163325	in stock	new	round neck printed sweatshirts, Halloween Crew Neck Demon Printed Sweatshirt	http://pic.fashionmia.com/catalog/products/original/images/0D9CE785A9F6/3041987_3.jpg_z.jpg	http://www.fashionmia.com/Products/halloween-crew-neck-demon-printed-sweatshirt-163325.html	Halloween Crew Neck Demon Printed Sweatshirt	14.96 USD	0D9CE785A9F6	female	Apparel & Accessories > Clothing > Shirts & Tops > Sweatshirts	US:*:Ground:4.12 USD	300g
162954	in stock	new	long plain leggings, Plain Elastic Waist Slim-leg Mid-rise Legging	http://pic.fashionmia.com/catalog/products/original/images/0DD1FDE0FE37/3026962_5.jpg_z.jpg	http://www.fashionmia.com/Products/plain-elastic-waist-slim-leg-mid-rise-legging-162954.html	Plain Elastic Waist Slim-leg Mid-rise Legging	14.95 USD	0DD1FDE0FE37	female	Apparel & Accessories > Clothing > Pants > Leggings	US:*:Ground:2.98 USD	185g
164821	in stock	new	color block street vacation quilted top 1 band collar autumn spring winter, Band Collar Zips Quilted Color Block Bomber Jacket	http://pic.fashionmia.com/catalog/products/original/images/0DFDFAA0E614/3045127_2.jpg_z.jpg	http://www.fashionmia.com/Products/band-collar-zips-quilted-color-block-bomber-jacket-164821.html	Band Collar Zips Quilted Color Block Bomber Jacket	20.11 USD	0DFDFAA0E614	female	Apparel & Accessories > Clothing > Outerwear > Coats & Jackets > Leather & Suede Jackets	US:*:Ground:4.17 USD	304g
164962	in stock	new	floral printed printed date vacation flared autumn spring summer bottom 1 midi skirts, Floral Printed Flared Midi Skirt	http://pic.fashionmia.com/catalog/products/original/images/0E0EAA8BBBB0/3045198_3.jpg_z.jpg	http://www.fashionmia.com/Products/floral-printed-flared-midi-skirt-164962.html	Floral Printed Flared Midi Skirt	19.95 USD	0E0EAA8BBBB0	female	Apparel & Accessories > Clothing > Skirts	US:*:Ground:3.63 USD	250g
164159	in stock	new	plain casual autumn spring collarless cardigans, Collarless Plain Long Sleeve Cardigan	http://pic.fashionmia.com/catalog/products/original/images/0E248D82FA70/103716_3.jpg_z.jpg	http://www.fashionmia.com/Products/collarless-plain-long-sleeve-cardigan-164159.html	Collarless Plain Long Sleeve Cardigan	20.95 USD	0E248D82FA70	female	Apparel & Accessories > Clothing > Shirts & Tops > Sweaters & Cardigans	US:*:Ground:1.13 USD	0g
165253	in stock	new	plain casual top 1 shawl collar autumn spring winter cardigans, Shawl Collar Longline Plain Cardigan	http://pic.fashionmia.com/catalog/products/original/images/0E5B0B5DB56A/3045650_1.jpg_z.jpg	http://www.fashionmia.com/Products/shawl-collar-longline-plain-cardigan-165253.html	Shawl Collar Longline Plain Cardigan	23.95 USD	0E5B0B5DB56A	female	Apparel & Accessories > Clothing > Shirts & Tops > Sweaters & Cardigans	US:*:Ground:4.12 USD	300g
163253	in stock	new	sweaters, Round Neck Decorative Patches Side-vented Sweater	http://pic.fashionmia.com/catalog/products/original/images/0E7FA0F19D32/3040993_3.jpg_z.jpg	http://www.fashionmia.com/Products/round-neck-decorative-patches-side-vented-sweater-163253.html	Round Neck Decorative Patches Side-vented Sweater	17.95 USD	0E7FA0F19D32	female	Apparel & Accessories > Clothing > Shirts & Tops > Sweaters & Cardigans	US:*:Ground:2.73 USD	160g
165212	in stock	new	elastic waist geometric printed printed date pleated autumn spring summer bottom 1 maxi skirts, Elastic Waist Geometric Printed Pleated High-Rise Maxi Skirt	http://pic.fashionmia.com/catalog/products/original/images/0EB330ECC1DB/3045610_2.jpg_z.jpg	http://www.fashionmia.com/Products/elastic-waist-geometric-printed-pleated-high-rise-maxi-skirt-165212.html	Elastic Waist Geometric Printed Pleated High-Rise Maxi Skirt	20.95 USD	0EB330ECC1DB	female	Apparel & Accessories > Clothing > Skirts	US:*:Ground:4.68 USD	355g
164752	in stock	new	floral printed date knee-length flared belt boat neck summer belt 1 dress 1, Boat Neck Belt Floral Printed Skater Dress	http://pic.fashionmia.com/catalog/products/original/images/0EB788C1929F/3045054_1.jpg_z.jpg	http://www.fashionmia.com/Products/boat-neck-belt-floral-printed-skater-dress-164752.html	Boat Neck Belt Floral Printed Skater Dress	19.95 USD	0EB788C1929F	female	Apparel & Accessories > Clothing > Dresses	US:*:Ground:3.27 USD	215g
163380	in stock	new	plain, Lapel Belt Plain Skater Dress With Brooch	http://pic.fashionmia.com/catalog/products/original/images/0ECA86157A97/6f0e0e57bede90d41ce9e21504888410.jpg_z.jpg	http://www.fashionmia.com/Products/lapel-belt-plain-swing-trench-coat-with-brooch-163380.html	Lapel Belt Plain Skater Dress With Brooch	11.95 USD	0ECA86157A97	female	Apparel & Accessories > Clothing > Dresses	US:*:Ground:9.59 USD	846g
164345	in stock	new	hollow out plain date v-neck autumn spring blouses, V-Neck Hollow Out Plain Lace Blouse	http://pic.fashionmia.com/catalog/products/original/images/0EE5006A4859/3044437_4.jpg_z.jpg	http://www.fashionmia.com/Products/v-neck-hollow-out-plain-lace-blouse-164345.html	V-Neck Hollow Out Plain Lace Blouse	11.95 USD	0EE5006A4859	female	Apparel & Accessories > Clothing > Shirts & Tops > Shirts & Blouses	US:*:Ground:2.31 USD	119g
165324	in stock	new	plain autumn spring slim-leg basic casual bottom 1 leggings, Plain Mid-Rise Legging	http://pic.fashionmia.com/catalog/products/original/images/0EE5F4668622/3045709_7.jpg_z.jpg	http://www.fashionmia.com/Products/plain-mid-rise-legging-165324.html	Plain Mid-Rise Legging	11.95 USD	0EE5F4668622	female	Apparel & Accessories > Clothing > Pants > Leggings	US:*:Ground:2.67 USD	155g
163076	in stock	new	doll collar striped date party vacation wedding midi flared, Doll Collar Decorative Button Vertical Stripe Roll-up Sleeve Skater Dress	http://pic.fashionmia.com/catalog/products/original/images/0F0307CE24C4/3041368_4.jpg_z.jpg	http://www.fashionmia.com/Products/doll-collar-decorative-button-vertical-stripe-roll-up-sleeve-skater-dress-163076.html	Doll Collar Decorative Button Vertical Stripe Roll-up Sleeve Skater Dress	18.95 USD	0F0307CE24C4	female	Apparel & Accessories > Clothing > Dresses	US:*:Ground:5.62 USD	450g
165283	in stock	new	plain date party flared off shoulder summer dress 1, Off Shoulder Plain Skater Dress	http://pic.fashionmia.com/catalog/products/original/images/0F0421C9866B/3045069_8.jpg_z.jpg	http://www.fashionmia.com/Products/off-shoulder-plain-skater-dress-165283.html	Off Shoulder Plain Skater Dress	30.95 USD	0F0421C9866B	female	Apparel & Accessories > Clothing > Dresses	US:*:Ground:6.43 USD	530g
164031	in stock	new	street plain s m l xl plain plain off-shoulder, Off Shoulder Exposed Navel Plain Top And Wide-leg Pant	http://pic.fashionmia.com/catalog/products/original/images/0F43582EFE87/3041434_5.jpg_z.jpg	http://www.fashionmia.com/Products/off-shoulder-exposed-navel-plain-top-and-wide-leg-pant-164031.html	Off Shoulder Exposed Navel Plain Top And Wide-leg Pant	19.95 USD	0F43582EFE87	female	Apparel & Accessories > Clothing > Shirts & Tops	US:*:Ground:3.92 USD	279g
163594	in stock	new	letter printed sweatshirts, Scoop Neck Letter Printed Christmas Sweatshirt	http://pic.fashionmia.com/catalog/products/original/images/0F5D9C2D37B3/3041644_2.jpg_z.jpg	http://www.fashionmia.com/Products/scoop-neck-letter-printed-christmas-sweatshirt-163594.html	Scoop Neck Letter Printed Christmas Sweatshirt	10.46 USD	0F5D9C2D37B3	female	Apparel & Accessories > Clothing > Shirts & Tops > Sweatshirts	US:*:Ground:3.53 USD	240g
31051	in stock	new	boat neck paillette plain going out mini, Appealing Boat Neck Bawting Cotton Plain Bodycon-dress	http://pic.fashionmia.com/catalog/products/original/images/0F624FA4CE0A/709a5331d68f4f5714879f2ed66c9b58.jpg_z.jpg	http://www.fashionmia.com/Products/sweetchic-batwing-scoop-neck-cotton-plain-bodycon-dress-31051.html	Appealing Boat Neck Bawting Cotton Plain Bodycon-dress	10.95 USD	0F624FA4CE0A	female	Apparel & Accessories > Clothing > Dresses > Cocktail Dresses	US:*:Ground:2.91 USD	178g
162924	in stock	new	sweaters, Cowl Neck Plain Asymmetric Hem Vented Sweater	http://pic.fashionmia.com/catalog/products/original/images/0F9455047E80/3027008_19.jpg_z.jpg	http://www.fashionmia.com/Products/cowl-neck-plain-asymmetric-hem-vented-sweater-162924.html	Cowl Neck Plain Asymmetric Hem Vented Sweater	19.95 USD	0F9455047E80	female	Apparel & Accessories > Clothing > Shirts & Tops > Sweaters & Cardigans	US:*:Ground:4.37 USD	324g
165370	in stock	new	plain date party fitted one shoulder autumn spring dress 1, One Shoulder Plain Bodycon Dress	http://pic.fashionmia.com/catalog/products/original/images/0FA3AAD0CB37/3045761_5.jpg_z.jpg	http://www.fashionmia.com/Products/one-shoulder-plain-bodycon-dress-165370.html	One Shoulder Plain Bodycon Dress	16.95 USD	0FA3AAD0CB37	female	Apparel & Accessories > Clothing > Dresses > Cocktail Dresses	US:*:Ground:3.33 USD	220g
162849	in stock	new	round neck floral printed date nightout party fitted, Round Neck Floral Printed Bodycon Dress	http://pic.fashionmia.com/catalog/products/original/images/0FB221D1AF82/3040995_4.jpg_z.jpg	http://www.fashionmia.com/Products/round-neck-floral-printed-bodycon-dress-162849.html	Round Neck Floral Printed Bodycon Dress	16.95 USD	0FB221D1AF82	female	Apparel & Accessories > Clothing > Dresses > Cocktail Dresses	US:*:Ground:4.52 USD	339g
164108	in stock	new	street plain s m l xl hollow out plain hollow out boat neck, Boat Neck Hollow Out Exposed Navel Top And Drawstring Plain Pant	http://pic.fashionmia.com/catalog/products/original/images/1010195FC2E5/3042048_5.jpg_z.jpg	http://www.fashionmia.com/Products/boat-neck-hollow-out-exposed-navel-top-and-drawstring-plain-pant-164108.html	Boat Neck Hollow Out Exposed Navel Top And Drawstring Plain Pant	17.95 USD	1010195FC2E5	female	Apparel & Accessories > Clothing > Shirts & Tops	US:*:Ground:4.83 USD	370g
163792	in stock	new	round neck printed party vacation above knee shift, Round Neck Shimmering Powder Reindeer Christmas Shift Dress	http://pic.fashionmia.com/catalog/products/original/images/103D298D2FF3/3042488_2.jpg_z.jpg	http://www.fashionmia.com/Products/round-neck-shimmering-powder-reindeer-christmas-shift-dress-163792.html	Round Neck Shimmering Powder Reindeer Christmas Shift Dress	13.95 USD	103D298D2FF3	female	Apparel & Accessories > Clothing > Dresses	US:*:Ground:3.08 USD	195g
164189	in stock	new	long mid-rise straight autumn spring casual printed curved hem side-vented three-quarter sleeve boat neck s m l xl, Boat Neck Side-Vented Printed Top And Mid-Rise Straight Pant	http://pic.fashionmia.com/catalog/products/original/images/103DF040504B/3044275_3.jpg_z.jpg	http://www.fashionmia.com/Products/boat-neck-side-vented-printed-top-and-mid-rise-straight-pant-164189.html	Boat Neck Side-Vented Printed Top And Mid-Rise Straight Pant	21.07 USD	103DF040504B	female	Apparel & Accessories > Clothing > Shirts & Tops	US:*:Ground:5.40 USD	427g
163782	in stock	new	spaghetti strap floral printed nightout party knee-length fitted, Spaghetti Strap Floral Printed Bodycon Dress	http://pic.fashionmia.com/catalog/products/original/images/10792B05C787/3042322_4.jpg_z.jpg	http://www.fashionmia.com/Products/spaghetti-strap-floral-printed-bodycon-dress-163782.html	Spaghetti Strap Floral Printed Bodycon Dress	22.95 USD	10792B05C787	female	Apparel & Accessories > Clothing > Dresses > Cocktail Dresses	US:*:Ground:4.50 USD	337g
165285	in stock	new	cutout decorative lace casual top 1 round neck autumn spring winter t-shirts, Round Neck Decorative Lace Cutout Long Sleeve T-Shirt	http://pic.fashionmia.com/catalog/products/original/images/10B2FB24039E/3044777_5.jpg_z.jpg	http://www.fashionmia.com/Products/round-neck-decorative-lace-cutout-long-sleeve-t-shirt-165285.html	Round Neck Decorative Lace Cutout Long Sleeve T-Shirt	12.95 USD	10B2FB24039E	female	Apparel & Accessories > Clothing > Shirts & Tops	US:*:Ground:2.62 USD	150g
163662	in stock	new	lace patchwork going out party asymmetric neck plus size blouses&t-shirts, V Neck Plain Lace Patchwork Plus Size Blouse	http://pic.fashionmia.com/catalog/products/original/images/10C45F7529F9/3041825_2.jpg_z.jpg	http://www.fashionmia.com/Products/v-neck-plain-lace-patchwork-plus-size-blouse-163662.html	V Neck Plain Lace Patchwork Plus Size Blouse	16.95 USD	10C45F7529F9	female	Apparel & Accessories > Clothing > Shirts & Tops	US:*:Ground:2.92 USD	180g
164302	in stock	new	drawstring fringe casual autumn spring hooded, Hooded Fringe Trim Fur Ball Cape	http://pic.fashionmia.com/catalog/products/original/images/10C8F63ECB3B/3044156_1.jpg_z.jpg	http://www.fashionmia.com/Products/hooded-fringe-trim-fur-ball-cape-164302.html	Hooded Fringe Trim Fur Ball Cape	13.95 USD	10C8F63ECB3B	female	Apparel & Accessories > Clothing > Outerwear > Coats & Jackets > Capes & Ponchos	US:*:Ground:4.37 USD	324g
165269	in stock	new	flounce plain date mermaid belt high neck autumn spring belt 1 dress 1, High Neck Belt Plain Mermaid Bodycon Dress	http://pic.fashionmia.com/catalog/products/original/images/10DE065901E7/3045172_4.jpg_z.jpg	http://www.fashionmia.com/Products/high-neck-belt-plain-mermaid-bodycon-dress-165269.html	High Neck Belt Plain Mermaid Bodycon Dress	24.95 USD	10DE065901E7	female	Apparel & Accessories > Clothing > Dresses > Cocktail Dresses	US:*:Ground:6.23 USD	510g
163627	in stock	new	color block striped t-shirts, Round Neck Striped Color Block Long Sleeve T-shirt	http://pic.fashionmia.com/catalog/products/original/images/10E59C9A76E2/3041789_11.jpg_z.jpg	http://www.fashionmia.com/Products/round-neck-striped-color-block-long-sleeve-t-shirt-163627.html	Round Neck Striped Color Block Long Sleeve T-shirt	8.96 USD	10E59C9A76E2	female	Apparel & Accessories > Clothing > Shirts & Tops	US:*:Ground:2.92 USD	180g
162656	in stock	new	, Round Neck Paisley Printed Bodycon Dress	http://pic.fashionmia.com/catalog/products/original/images/10E7BFEAC23D/3039638_1.jpg_z.jpg	http://www.fashionmia.com/Products/round-neck-paisley-printed-bodycon-dress-162656.html	Round Neck Paisley Printed Bodycon Dress	15.95 USD	10E7BFEAC23D	female	Apparel & Accessories > Clothing > Dresses > Cocktail Dresses	US:*:Ground:2.62 USD	150g
163379	in stock	new	long printed leggings, Halloween Skull Printed Slim-leg Mid-rise Legging	http://pic.fashionmia.com/catalog/products/original/images/10EE2E616A3B/3042037_3.jpg_z.jpg	http://www.fashionmia.com/Products/halloween-skull-printed-slim-leg-mid-rise-legging-163379.html	Halloween Skull Printed Slim-leg Mid-rise Legging	8.95 USD	10EE2E616A3B	female	Apparel & Accessories > Clothing > Pants > Leggings	US:*:Ground:2.23 USD	110g
162872	in stock	new	band collar flap pockets plain, Band Collar Flap Pocket Plain Bomber Jacket	http://pic.fashionmia.com/catalog/products/original/images/10EF3C95C761/3026957_3.jpg_z.jpg	http://www.fashionmia.com/Products/band-collar-flap-pocket-plain-bomber-jacket-162872.html	Band Collar Flap Pocket Plain Bomber Jacket	22.36 USD	10EF3C95C761	female	Apparel & Accessories > Clothing > Outerwear > Coats & Jackets > Leather & Suede Jackets	US:*:Ground:5.83 USD	470g
163652	in stock	new	plain t-shirts, Off Shoulder Plain Long Sleeve T-shirt	http://pic.fashionmia.com/catalog/products/original/images/10F0481291F6/3027265_2.jpg_z.jpg	http://www.fashionmia.com/Products/off-shoulder-plain-long-sleeve-t-shirt-163652.html	Off Shoulder Plain Long Sleeve T-shirt	9.71 USD	10F0481291F6	female	Apparel & Accessories > Clothing > Shirts & Tops	US:*:Ground:2.99 USD	186g
163029	in stock	new	plain date going out party empire line, Deep V-neck Plain Elastic Waist Skater Dress	http://pic.fashionmia.com/catalog/products/original/images/11581CBA7BE4/3041360_3.jpg_z.jpg	http://www.fashionmia.com/Products/deep-v-neck-plain-elastic-waist-skater-dress-163029.html	Deep V-neck Plain Elastic Waist Skater Dress	20.95 USD	11581CBA7BE4	female	Apparel & Accessories > Clothing > Dresses	US:*:Ground:3.93 USD	280g
163236	in stock	new	hooded color block hoodies, Color Block Raglan Sleeve Zip Hoodie	http://pic.fashionmia.com/catalog/products/original/images/11A7237EBFE3/3039627_8.jpg_z.jpg	http://www.fashionmia.com/Products/color-block-raglan-sleeve-zip-hoodie-163236.html	Color Block Raglan Sleeve Zip Hoodie	14.96 USD	11A7237EBFE3	female	Apparel & Accessories > Clothing > Shirts & Tops > Sweatshirts	US:*:Ground:3.75 USD	262g
164706	in stock	new	decorative lace elastic waist date party empire line belt split neck autumn spring belt 1 dress 1, Split Neck Decorative Lace Elastic Waist Belt Maxi Dress	http://pic.fashionmia.com/catalog/products/original/images/11AC33B89913/103546_3.jpg_z.jpg	http://www.fashionmia.com/Products/split-neck-decorative-lace-elastic-waist-belt-maxi-dress-164706.html	Split Neck Decorative Lace Elastic Waist Belt Maxi Dress	41.95 USD	11AC33B89913	female	Apparel & Accessories > Clothing > Dresses	US:*:Ground:5.73 USD	460g
164004	in stock	new	asymmetric neck asymmetric hem embroidery hollow out date flared summer, Crew Neck Organza Embroidery Skater Dress	http://pic.fashionmia.com/catalog/products/original/images/11FCDD9A78B0/3044122_11.jpg_z.jpg	http://www.fashionmia.com/Products/crew-neck-organza-embroidery-skater-dress-164004.html	Crew Neck Organza Embroidery Skater Dress	27.95 USD	11FCDD9A78B0	female	Apparel & Accessories > Clothing > Dresses	US:*:Ground:3.23 USD	210g
164221	in stock	new	high neck hollow out plain nightout party fitted summer, High Neck Hollow Out Plain Bodycon Dress	http://pic.fashionmia.com/catalog/products/original/images/123EF21D6ECA/3044502_2.jpg_z.jpg	http://www.fashionmia.com/Products/high-neck-hollow-out-plain-bodycon-dress-164221.html	High Neck Hollow Out Plain Bodycon Dress	14.95 USD	123EF21D6ECA	female	Apparel & Accessories > Clothing > Dresses > Cocktail Dresses	US:*:Ground:3.12 USD	200g
164421	in stock	new	plain formal office knee-length flared belt round neck autumn spring, Round Neck Belt Plain Skater Dress	http://pic.fashionmia.com/catalog/products/original/images/1277FD42F6C7/3044454_2.jpg_z.jpg	http://www.fashionmia.com/Products/round-neck-belt-plain-skater-dress-164421.html	Round Neck Belt Plain Skater Dress	26.95 USD	1277FD42F6C7	female	Apparel & Accessories > Clothing > Dresses	US:*:Ground:7.88 USD	676g
162854	in stock	new	zips asymmetrical hems patchwork t-shirts, Round Neck Zips Asymmetric Hem Long Sleeve T-shirt	http://pic.fashionmia.com/catalog/products/original/images/127AFABB5654/3041119_4.jpg_z.jpg	http://www.fashionmia.com/Products/round-neck-zips-asymmetric-hem-long-sleeve-t-shirt-162854.html	Round Neck Zips Asymmetric Hem Long Sleeve T-shirt	19.95 USD	127AFABB5654	female	Apparel & Accessories > Clothing > Shirts & Tops	US:*:Ground:3.83 USD	270g
162911	in stock	new	pockets plain going out street above knee, Round Neck Split Pockets Plain Shift Dress	http://pic.fashionmia.com/catalog/products/original/images/12855EF30A3A/104352_1.jpg_z.jpg	http://www.fashionmia.com/Products/round-neck-split-pockets-plain-shift-dress-162911.html	Round Neck Split Pockets Plain Shift Dress	20.95 USD	12855EF30A3A	female	Apparel & Accessories > Clothing > Dresses	US:*:Ground:6.39 USD	526g
164500	in stock	new	patch pocket slit plain date knee-length shift turtleneck autumn spring winter, Turtleneck Patch Pocket Slit Plain Shift Dress	http://pic.fashionmia.com/catalog/products/original/images/12B1A9B8A830/3044416_10.jpg_z.jpg	http://www.fashionmia.com/Products/turtleneck-patch-pocket-slit-plain-shift-dress-164500.html	Turtleneck Patch Pocket Slit Plain Shift Dress	19.15 USD	12B1A9B8A830	female	Apparel & Accessories > Clothing > Dresses	US:*:Ground:5.63 USD	451g
163000	in stock	new	hoodies, Punk Skeleton Printed Sweatshirt	http://pic.fashionmia.com/catalog/products/original/images/12C7B7734C0B/3041965_2.jpg_z.jpg	http://www.fashionmia.com/Products/punk-skeleton-printed-sweatshirt-163000.html	Punk Skeleton Printed Sweatshirt	12.71 USD	12C7B7734C0B	female	Apparel & Accessories > Clothing > Shirts & Tops > Sweatshirts	US:*:Ground:4.25 USD	312g
163589	in stock	new	boat neck paillette patchwork split nightout party fitted, Boat Neck Glitter Patchwork Plain Split Bodycon Dress	http://pic.fashionmia.com/catalog/products/original/images/12D8652D17B0/3041388_16.jpg_z.jpg	http://www.fashionmia.com/Products/boat-neck-glitter-patchwork-plain-split-bodycon-dress-163589.html	Boat Neck Glitter Patchwork Plain Split Bodycon Dress	19.95 USD	12D8652D17B0	female	Apparel & Accessories > Clothing > Dresses > Cocktail Dresses	US:*:Ground:5.29 USD	416g
162897	in stock	new	sweaters, Open Shoulder Plain Loose Fitting Sweater	http://pic.fashionmia.com/catalog/products/original/images/12E3427A46F3/3041084_1.jpg_z.jpg	http://www.fashionmia.com/Products/open-shoulder-plain-loose-fitting-sweater-162897.html	Open Shoulder Plain Loose Fitting Sweater	19.95 USD	12E3427A46F3	female	Apparel & Accessories > Clothing > Shirts & Tops > Sweaters & Cardigans	US:*:Ground:3.12 USD	200g
165171	in stock	new	color block date flared sweet heart autumn spring dress 1, Sweet Heart Bowknot Color Block Skater Dress	http://pic.fashionmia.com/catalog/products/original/images/12FF63B0523A/3045514_4.jpg_z.jpg	http://www.fashionmia.com/Products/sweet-heart-bowknot-color-block-skater-dress-165171.html	Sweet Heart Bowknot Color Block Skater Dress	32.59 USD	12FF63B0523A	female	Apparel & Accessories > Clothing > Dresses	US:*:Ground:5.02 USD	389g
163513	in stock	new	round neck plain date vacation shift, Round Neck Side-slit Plain Velvet Shift Dress	http://pic.fashionmia.com/catalog/products/original/images/133EE49C970D/3042170_2.jpg_z.jpg	http://www.fashionmia.com/Products/round-neck-side-slit-plain-velvet-shift-dress-163513.html	Round Neck Side-slit Plain Velvet Shift Dress	13.95 USD	133EE49C970D	female	Apparel & Accessories > Clothing > Dresses	US:*:Ground:4.25 USD	312g
163375	in stock	new	long pockets striped leggings, Pocket Striped Slim-leg Mid-rise Legging	http://pic.fashionmia.com/catalog/products/original/images/135A8DD26C8F/3026960_2.jpg_z.jpg	http://www.fashionmia.com/Products/pocket-striped-slim-leg-mid-rise-legging-163375.html	Pocket Striped Slim-leg Mid-rise Legging	12.30 USD	135A8DD26C8F	female	Apparel & Accessories > Clothing > Pants > Leggings	US:*:Ground:3.85 USD	273g
165335	in stock	new	drawstring plain casual flared band collar autumn spring dress 1, Band Collar Drawstring Plain Skater Dress	http://pic.fashionmia.com/catalog/products/original/images/13FD8BECC183/3045312_4.jpg_z.jpg	http://www.fashionmia.com/Products/band-collar-drawstring-plain-skater-dress-165335.html	Band Collar Drawstring Plain Skater Dress	22.95 USD	13FD8BECC183	female	Apparel & Accessories > Clothing > Dresses	US:*:Ground:3.63 USD	250g
163985	in stock	new	color block striped casual date sweaters, Fold-over Collar Color Block Striped Sweater	http://pic.fashionmia.com/catalog/products/original/images/1403807528C5/3044025_3.jpg_z.jpg	http://www.fashionmia.com/Products/fold-over-collar-color-block-striped-sweater-163985.html	Fold-over Collar Color Block Striped Sweater	19.86 USD	1403807528C5	female	Apparel & Accessories > Clothing > Shirts & Tops > Sweaters & Cardigans	US:*:Ground:4.38 USD	326g
163812	in stock	new	asymmetrical hems plain party asymmetrical fitted, Round Neck Plain Asymmetric Hem Pleated Bodycon Dress	http://pic.fashionmia.com/catalog/products/original/images/1438630DD81F/3042295_2.jpg_z.jpg	http://www.fashionmia.com/Products/round-neck-plain-asymmetric-hem-pleated-bodycon-dress-163812.html	Round Neck Plain Asymmetric Hem Pleated Bodycon Dress	13.95 USD	1438630DD81F	female	Apparel & Accessories > Clothing > Dresses > Cocktail Dresses	US:*:Ground:3.69 USD	256g
165237	in stock	new	color block casual vacation shift crew neck autumn spring dress 1, Crew Neck Color Block Shift Dress	http://pic.fashionmia.com/catalog/products/original/images/1454532BC4CD/3045644_4.jpg_z.jpg	http://www.fashionmia.com/Products/crew-neck-color-block-shift-dress-165237.html	Crew Neck Color Block Shift Dress	15.95 USD	1454532BC4CD	female	Apparel & Accessories > Clothing > Dresses	US:*:Ground:3.23 USD	210g
163433	in stock	new	off-shoulder mermaid patchwork party ankle-length mermaid, Off Shoulder Snake Printed Tiered Mermaid Evening Dress	http://pic.fashionmia.com/catalog/products/original/images/147C2D73E566/3041698_2.jpg_z.jpg	http://www.fashionmia.com/Products/off-shoulder-snake-printed-tiered-mermaid-evening-dress-163433.html	Off Shoulder Snake Printed Tiered Mermaid Evening Dress	22.99 USD	147C2D73E566	female	Apparel & Accessories > Clothing > Dresses > Formal Gowns	US:*:Ground:5.81 USD	469g
163938	in stock	new	street floral printed xl s m l print floral print band collar, Band Collar Floral Printed Zips Jacket And Slit Pockets Slim-leg Mid-rise Pant	http://pic.fashionmia.com/catalog/products/original/images/1481947C4599/3042292_3.jpg_z.jpg	http://www.fashionmia.com/Products/band-collar-floral-printed-zips-jacket-and-slit-pockets-slim-leg-mid-rise-pant-163938.html	Band Collar Floral Printed Zips Jacket And Slit Pockets Slim-leg Mid-rise Pant	21.95 USD	1481947C4599	female	Apparel & Accessories > Clothing > Shirts & Tops	US:*:Ground:5.63 USD	451g
162953	in stock	new	printed t-shirts, Round Neck Printed Long Sleeve T-shirt	http://pic.fashionmia.com/catalog/products/original/images/14AACBDFEB64/3041145_2.jpg_z.jpg	http://www.fashionmia.com/Products/round-neck-printed-long-sleeve-t-shirt-162953.html	Round Neck Printed Long Sleeve T-shirt	15.95 USD	14AACBDFEB64	female	Apparel & Accessories > Clothing > Shirts & Tops	US:*:Ground:2.91 USD	178g
164273	in stock	new	plain, Drawstring Zip Hoodie And Cutout Slim-leg Mid-rise Pant	http://pic.fashionmia.com/catalog/products/original/images/14C668A2FC8C/3041068_5.jpg_z.jpg	http://www.fashionmia.com/Products/drawstring-zip-hoodie-and-cutout-slim-leg-mid-rise-pant-164273.html	Drawstring Zip Hoodie And Cutout Slim-leg Mid-rise Pant	30.95 USD	14C668A2FC8C	female	Apparel & Accessories > Clothing > Shirts & Tops	US:*:Ground:8.12 USD	700g
163974	in stock	new	asymmetrical hems office street, Lapel Asymmetric Hem Contrast Trim Blazer	http://pic.fashionmia.com/catalog/products/original/images/14D76CB211B2/104301_5.jpg_z.jpg	http://www.fashionmia.com/Products/lapel-asymmetric-hem-contrast-trim-blazer-163974.html	Lapel Asymmetric Hem Contrast Trim Blazer	8.95 USD	14D76CB211B2	female	Apparel & Accessories > Clothing > Outerwear > Coats & Jackets > Blazers	US:*:Ground:3.23 USD	210g
162669	in stock	new	plain office formal bowknot knee-length round neck swing dresses round  neck flared, round neck bowknot plain skater dress	http://pic.fashionmia.com/catalog/products/original/images/14E786BCA523/3041002_2.jpg_z.jpg	http://www.fashionmia.com/Products/round-neck-bowknot-plain-skater-dress-162669.html	round neck bowknot plain skater dress	19.97 USD	14E786BCA523	female	Apparel & Accessories > Clothing > Dresses	US:*:Ground:5.15 USD	402g
163032	in stock	new	lapel flap pockets plain, Notch Lapel Plain Flap Pockets Trench Coat	http://pic.fashionmia.com/catalog/products/original/images/14E92CBC30F9/3041074_5.jpg_z.jpg	http://www.fashionmia.com/Products/notch-lapel-plain-flap-pockets-trench-coat-163032.html	Notch Lapel Plain Flap Pockets Trench Coat	23.16 USD	14E92CBC30F9	female	Apparel & Accessories > Clothing > Outerwear > Coats & Jackets > Trench Coats	US:*:Ground:6.23 USD	510g
162833	in stock	new	round neck plain formal office flared, Round Neck Belt Plain Skater Dress	http://pic.fashionmia.com/catalog/products/original/images/14F1DF2C673C/3026996_2.jpg_z.jpg	http://www.fashionmia.com/Products/round-neck-belt-plain-skater-dress-162833.html	Round Neck Belt Plain Skater Dress	24.95 USD	14F1DF2C673C	female	Apparel & Accessories > Clothing > Dresses	US:*:Ground:6.00 USD	487g
164661	in stock	new	slit pocket plain casual decorative button hooded autumn spring winter hoodies, Plain Slit Pocket Decorative Button Hoodie	http://pic.fashionmia.com/catalog/products/original/images/1560F89281E4/3044830_10.jpg_z.jpg	http://www.fashionmia.com/Products/plain-slit-pocket-decorative-button-hoodie-164661.html	Plain Slit Pocket Decorative Button Hoodie	17.23 USD	1560F89281E4	female	Apparel & Accessories > Clothing > Shirts & Tops > Sweatshirts	US:*:Ground:7.28 USD	615g
165091	in stock	new	slit pocket plain street vacation top 1 lapel winter, Lapel Pocket Zips Plain Biker Jacket	http://pic.fashionmia.com/catalog/products/original/images/1586C77B57AC/3045170_1.jpg_z.jpg	http://www.fashionmia.com/Products/lapel-pocket-zips-plain-biker-jacket-165091.html	Lapel Pocket Zips Plain Biker Jacket	28.95 USD	1586C77B57AC	female	Apparel & Accessories > Clothing > Outerwear > Coats & Jackets > Leather & Suede Jackets	US:*:Ground:7.53 USD	640g
163047	in stock	new	surplice plain going out sweaters, Surplice Plain Loose Fitting Long Sleeve Sweater	http://pic.fashionmia.com/catalog/products/original/images/15947677339F/3041081_2.jpg_z.jpg	http://www.fashionmia.com/Products/surplice-plain-loose-fitting-long-sleeve-sweater-163047.html	Surplice Plain Loose Fitting Long Sleeve Sweater	13.95 USD	15947677339F	female	Apparel & Accessories > Clothing > Shirts & Tops > Sweaters & Cardigans	US:*:Ground:4.03 USD	290g
162879	in stock	new	color block going out street sweaters, Round Neck Color Block Loose Fitting Sweater	http://pic.fashionmia.com/catalog/products/original/images/15B3659B0B09/3031129_1.jpg_z.jpg	http://www.fashionmia.com/Products/round-neck-color-block-loose-fitting-sweater-162879.html	Round Neck Color Block Loose Fitting Sweater	17.56 USD	15B3659B0B09	female	Apparel & Accessories > Clothing > Shirts & Tops > Sweaters & Cardigans	US:*:Ground:4.72 USD	360g
163237	in stock	new	midi skirts, Double Breasted Decorative Lace Mermaid Midi Skirt	http://pic.fashionmia.com/catalog/products/original/images/15CA10A8DFAC/3041140_8.jpg_z.jpg	http://www.fashionmia.com/Products/double-breasted-decorative-lace-mermaid-midi-skirt-163237.html	Double Breasted Decorative Lace Mermaid Midi Skirt	20.95 USD	15CA10A8DFAC	female	Apparel & Accessories > Clothing > Skirts	US:*:Ground:3.37 USD	224g
163013	in stock	new	blouses, Turn Down Collar Frayed Trim Light Wash Blouse	http://pic.fashionmia.com/catalog/products/original/images/15CFFCF4E341/3027024_3.jpg_z.jpg	http://www.fashionmia.com/Products/turn-down-collar-frayed-trim-light-wash-blouse-163013.html	Turn Down Collar Frayed Trim Light Wash Blouse	15.95 USD	15CFFCF4E341	female	Apparel & Accessories > Clothing > Shirts & Tops > Shirts & Blouses	US:*:Ground:6.03 USD	490g
163614	in stock	new	bowknot color block office party fitted, V Neck Bowknot Color Block Bodycon Dress	http://pic.fashionmia.com/catalog/products/original/images/15E8F3D5565E/3041696_2.jpg_z.jpg	http://www.fashionmia.com/Products/v-neck-bowknot-color-block-bodycon-dress-163614.html	V Neck Bowknot Color Block Bodycon Dress	11.95 USD	15E8F3D5565E	female	Apparel & Accessories > Clothing > Dresses > Cocktail Dresses	US:*:Ground:4.71 USD	359g
163560	in stock	new	band collar plain going out street above knee shift, Band Collar Plain Single Breasted Storm Flap Shift Dress With Belt	http://pic.fashionmia.com/catalog/products/original/images/160138D7DA27/3041380_2.jpg_z.jpg	http://www.fashionmia.com/Products/band-collar-plain-single-breasted-storm-flap-shift-dress-with-belt-163560.html	Band Collar Plain Single Breasted Storm Flap Shift Dress With Belt	15.31 USD	160138D7DA27	female	Apparel & Accessories > Clothing > Dresses	US:*:Ground:3.23 USD	210g
164068	in stock	new	asymmetric neck paisley printed floral casual street autumn spring sweatshirts, Round Neck Floral Paisley Printed Sweatshirt	http://pic.fashionmia.com/catalog/products/original/images/163D07F87083/3044222_4.jpg_z.jpg	http://www.fashionmia.com/Products/round-neck-floral-paisley-printed-sweatshirt-164068.html	Round Neck Floral Paisley Printed Sweatshirt	13.95 USD	163D07F87083	female	Apparel & Accessories > Clothing > Shirts & Tops > Sweatshirts	US:*:Ground:2.81 USD	169g
163088	in stock	new	crew neck plain split t-shirts, Crew Neck Plain Side-vented Short Sleeve T-shirt	http://pic.fashionmia.com/catalog/products/original/images/16458CF52D44/3040997_3.jpg_z.jpg	http://www.fashionmia.com/Products/crew-neck-plain-side-vented-short-sleeve-t-shirt-163088.html	Crew Neck Plain Side-vented Short Sleeve T-shirt	24.95 USD	16458CF52D44	female	Apparel & Accessories > Clothing > Shirts & Tops	US:*:Ground:4.43 USD	330g
163868	in stock	new	crew neck rivet plain party street midi fitted, Crew Neck Plain High-slit Rivet Knitted Dress	http://pic.fashionmia.com/catalog/products/original/images/1670809A80C8/3041673_9.jpg_z.jpg	http://www.fashionmia.com/Products/crew-neck-plain-high-slit-rivet-knitted-dress-163868.html	Crew Neck Plain High-slit Rivet Knitted Dress	20.95 USD	1670809A80C8	female	Apparel & Accessories > Clothing > Dresses > Day Dresses	US:*:Ground:5.33 USD	420g
163492	in stock	new	collarless pockets color block casual street cardigans, Collarless Color Block Batwing Sleeve Slit Pockets Cardigan	http://pic.fashionmia.com/catalog/products/original/images/167BA6818AFE/3041911_4.jpg_z.jpg	http://www.fashionmia.com/Products/collarless-color-block-batwing-sleeve-slit-pockets-cardigan-163492.html	Collarless Color Block Batwing Sleeve Slit Pockets Cardigan	16.27 USD	167BA6818AFE	female	Apparel & Accessories > Clothing > Shirts & Tops > Sweaters & Cardigans	US:*:Ground:5.83 USD	470g
164715	in stock	new	decorative lace date party fitted keyhole off shoulder autumn spring dress 1 cocktail dresses, Off Shoulder Keyhole Decorative Lace Cocktail Dress	http://pic.fashionmia.com/catalog/products/original/images/1691A3CFF36D/3044849_1.jpg_z.jpg	http://www.fashionmia.com/Products/off-shoulder-keyhole-decorative-lace-cocktail-dress-164715.html	Off Shoulder Keyhole Decorative Lace Cocktail Dress	21.07 USD	1691A3CFF36D	female	Apparel & Accessories > Clothing > Dresses > Cocktail Dresses	US:*:Ground:4.03 USD	290g
163807	in stock	new	lapel decorative buttons date going out knee-length flared, Lapel Decorative Buttons Ruffle Trim Skater Dress	http://pic.fashionmia.com/catalog/products/original/images/16AD1D2F8933/3041992_1.jpg_z.jpg	http://www.fashionmia.com/Products/lapel-decorative-buttons-ruffle-trim-skater-dress-163807.html	Lapel Decorative Buttons Ruffle Trim Skater Dress	22.95 USD	16AD1D2F8933	female	Apparel & Accessories > Clothing > Dresses	US:*:Ground:4.29 USD	317g
165143	in stock	new	cutout side slit color block date party fitted band collar autumn spring dress 1, Band Collar Cutout Side Slit Color Block Bodycon Dress	http://pic.fashionmia.com/catalog/products/original/images/16C4C8A5B01C/3045015_3.jpg_z.jpg	http://www.fashionmia.com/Products/band-collar-cutout-side-slit-color-block-bodycon-dress-165143.html	Band Collar Cutout Side Slit Color Block Bodycon Dress	30.95 USD	16C4C8A5B01C	female	Apparel & Accessories > Clothing > Dresses > Cocktail Dresses	US:*:Ground:6.33 USD	520g
163411	in stock	new	tassel plain going out street above knee shift, Round Neck Kimono Sleeve Plain Fringe Shift Dress	http://pic.fashionmia.com/catalog/products/original/images/16E29E38A291/3041000_3.jpg_z.jpg	http://www.fashionmia.com/Products/round-neck-kimono-sleeve-plain-fringe-shift-dress-163411.html	Round Neck Kimono Sleeve Plain Fringe Shift Dress	30.56 USD	16E29E38A291	female	Apparel & Accessories > Clothing > Dresses	US:*:Ground:3.43 USD	230g
165154	in stock	new	fringe hollow out plain party event fitted v-neck summer dress 1, V-Neck Fringe Hollow Out Plain Evening Dress	http://pic.fashionmia.com/catalog/products/original/images/1700A34041CB/3045537_1.jpg_z.jpg	http://www.fashionmia.com/Products/v-neck-fringe-hollow-out-plain-evening-dress-165154.html	V-Neck Fringe Hollow Out Plain Evening Dress	24.95 USD	1700A34041CB	female	Apparel & Accessories > Clothing > Dresses > Formal Gowns	US:*:Ground:3.63 USD	250g
162989	in stock	new	round neck striped office street vacation sweaters, Round Neck Side-vented Striped Sweater	http://pic.fashionmia.com/catalog/products/original/images/1706FF27C692/104396_2.jpg_z.jpg	http://www.fashionmia.com/Products/round-neck-side-vented-striped-sweater-162989.html	Round Neck Side-vented Striped Sweater	16.95 USD	1706FF27C692	female	Apparel & Accessories > Clothing > Shirts & Tops > Sweaters & Cardigans	US:*:Ground:3.03 USD	190g
164655	in stock	new	patchwork see-through plain party event mermaid off shoulder summer prom dresses, Off Shoulder Patchwork See-Through Plain Prom Dress	http://pic.fashionmia.com/catalog/products/original/images/171D87B945A5/3044905_1.jpg_z.jpg	http://www.fashionmia.com/Products/off-shoulder-patchwork-see-through-plain-prom-dress-164655.html	Off Shoulder Patchwork See-Through Plain Prom Dress	29.95 USD	171D87B945A5	female	Apparel & Accessories > Clothing > Dresses	US:*:Ground:6.12 USD	500g
164264	in stock	new	band collar plaid date flared removable tie autumn spring winter, Band Collar Removable Tie Plaid Skater Dress	http://pic.fashionmia.com/catalog/products/original/images/172441E5085D/3044353_2.jpg_z.jpg	http://www.fashionmia.com/Products/band-collar-removable-tie-plaid-skater-dress-164264.html	Band Collar Removable Tie Plaid Skater Dress	24.95 USD	172441E5085D	female	Apparel & Accessories > Clothing > Dresses	US:*:Ground:4.94 USD	381g
